"id","codigo","especialidad","insumo","formato","stock","ubicacion","fecha_ingreso"
"6","0110013373","sutura","SUTURA POLIGLACTINA Nº 0 HEBRA 75 CM AGUJA 5/8 26 MM","caja",NULL,"oficina","2025-05-12 15:35:46"
"7","0140100123","sutura","SUTURA ABSORBIBLE DE POLIGLACTINA 910 TRENZADA INCOLORO ABSORCION RAPIDA N° 0 CON AGUJA CTX 1/2 CIRC","caja",NULL,"oficina","2025-05-12 15:35:46"
"8","0140013820","sutura","SUTURA DE POLIGLACTINA 910 CALIBRE 0 VIOLETA LONG 90CMS CON AGUJA ESTRIADA DE PUNTA CILINDRADA 1/2 C","caja",NULL,"oficina","2025-05-12 15:35:46"
"10","0140010353","sutura","SUTURA DE POLIGLACTINA 910 CALIBRE 1.0 VIOLETA LONG 90 CMS CON AGUJA ESTRIADA DE PUNTA CILINDRICA 1/","caja",NULL,"oficina","2025-05-12 15:35:46"
"11","0140010369","sutura","SUTURA DE POLIGLACTINA 910 CALIBRE 2.0 VIOLETA LONG 70CM CON AGUJA ESTRIADA DE PUNTA CILINDRICA DIAM","caja",NULL,"oficina","2025-05-12 15:35:46"
"12","0140010333","sutura","SUTURA DE POLIGLACTINA 910, CALIBRE 2.0, VIOLETA, LONGITUD 150 CMS., SIN AGUJA JS615H","caja",NULL,"oficina","2025-05-12 15:35:46"
"13","0140010402","sutura","SUTURA DE POLIGLACTINA 910, CALIBRE 3.0, VIOLETA, LONGITUD 70 CMS., CON AGUJA ESTRIADA DE PUNTA CILI","caja",NULL,"oficina","2025-05-12 15:35:46"
"14","0140010375","sutura","SUTURA DE POLIGLACTINA 910, CALIBRE 3.0 VIOLETA, LONGITUD 150 CMS SIN AGUJA JS614H","caja",NULL,"oficina","2025-05-12 15:35:46"
"15","0010045330","sutura","SUTURA DEPOLIGLACTINA DE RAPIDA ABSORCION 3/0,INCOLORO, 75 CMS, CON AGUJA ESTRIADA REVERSO CORTANTE ","caja",NULL,"oficina","2025-05-12 15:35:46"
"16","01400100111","sutura","SUTURA DE POLIGLACTINA 910 INCOLORO CALIBRE 3.0 AGUJA 3/8 REVERSO CORTANTE 24 MM","caja",NULL,"oficina","2025-05-12 15:35:46"
"17","0140010489","sutura","SUTURA DE POLIGLACTINA 910, CALIBRE 4.0, VIOLETA, LONGITUD 70 CMS., CON AGUJA ESTRIADA DE PUNTA CILI","caja",NULL,"oficina","2025-05-12 15:35:46"
"18","0140010364","sutura","SUTURA DE POLIGLACTINA 910 CALIBRE 4.0 VIOLETA LONG 70 CMS CON AGUJA ESTRIADA DE PUNTA CILINDRICA 1/","caja",NULL,"oficina","2025-05-12 15:35:46"
"19","0140010349","sutura","SUTURA DE POLIGLACTINA 910 CALIBRE 4.0 INCOLORO LONG 70CMS CON AGUJA ESTRIADA DE REVERSO CORTANTE 3/","caja",NULL,"oficina","2025-05-12 15:35:46"
"20","1000698","sutura","Sutura de Poliglactina 5/0, incoloro,45 cms,con aguja estriada reverso cortante,1/2 circulo de 16 mm","caja",NULL,"oficina","2025-05-12 15:35:46"
"21","0140010350","sutura","SUTURA POLIGLACTINA VIOLETA 5.0 HEBRA 70CM AGUJA RB1 1/2 CIRCULO 17MM J303H","caja",NULL,"oficina","2025-05-12 15:35:46"
"22","0140010362","sutura","SUTURA DE POLIGLACTINA 910 CALIBRE 6.0 INCOLORO LONG 45CMS CON AGUJA ESTRIADA DE PUNTA CORTANTE 3/8 ","caja",NULL,"oficina","2025-05-12 15:35:46"
"23","0140010100","sutura","SUTURA DE MONOFILAMENTO DE POLIGLECAPRONE 25 CALIBRE 3.0 COLOR DORADO LONGITUD 70 CMS CON AGUJA ESTR","caja",NULL,"oficina","2025-05-12 15:35:46"
"24","0140010142","sutura","SUTURA DE MONOFILAMENTO DE POLIGLEC APRONE 25, CALIBRE 3.0, COLOR VIOLETA , LONGITUDDE 70 MM., CON A","caja",NULL,"oficina","2025-05-12 15:35:46"
"25","1400100115","sutura","EN ESPERA DE ARREGLO DE CODIGO","caja",NULL,"oficina","2025-05-12 15:35:46"
"26","0140010143","sutura","SUT POLIGLECAPRONE/4.0/AGUJA CILINDRIC1/2 CIR17 MM","caja",NULL,"oficina","2025-05-12 15:35:46"
"27","0010045344","sutura","SUTURA DE MONOFILAMENTO DE POLIGLECAPRONE 4/0, VIOLETA, 70 CM. CON AGUJA ESTRIADA DE PUNTA CILíNDRIC","caja",NULL,"oficina","2025-05-12 15:35:46"
"28","0140010101","sutura","SUTURA DE MONOFILAMENTO DE POLIGLECAPRONE 25 CALIBRE 5.0 COLOR DORADO LONGITUD 45CMS CON AGUJA ESTRI","caja",NULL,"oficina","2025-05-12 15:35:46"
"29","0140013821","sutura","SUTURA DE MONOFILAMENTO DE POLIGLECAPRONE 25 CALIBRE 5.0 COLOR VIOLETA LONGITUD 70 CMS CON AGUJA EST","caja",NULL,"oficina","2025-05-12 15:35:46"
"30","0140010118","sutura","SUTURA DE POLIPROPILENO MONOFILAMENTO CALIBRE 0 COLOR AZUL LONG 75CMS CON AGUJA ESTRIADA DE DIAMETRO","caja",NULL,"oficina","2025-05-12 15:35:46"
"31","0140010361","sutura","SUTURA DE POLIPROPILENO MONOFILAMENTO, CALIBRE 1, AZUL, LONGITUD 75 CMS CON AGUJA ESTRIADA,PUNTA CIL","caja",NULL,"oficina","2025-05-12 15:35:46"
"32","0140011120","sutura","SUTURA DE POLIPROPILENO NO ABSORBIBLE CALIBRE 2 AGUJA RECTA, 60 MM PUNTA REVERSO CORTANTE","caja",NULL,"oficina","2025-05-12 15:35:46"
"33","0140010121","sutura","SUTURA DE POLIPROPILENO MONOFILAMENTO,CALIBRE 2.0,COLOR AZUL,LONGITUD 75 CMS CON AGUJA CILINDRICA,CT","caja",NULL,"oficina","2025-05-12 15:35:46"
"34","0140010171","sutura","SUTURA DE POLIPROPILENO MONOFILAMENTO CALIBRE 3/0, COLOR AZUL, LONGITUD 90 CM, CON DOS AGUJAS ESTRIA","caja",NULL,"oficina","2025-05-12 15:35:46"
"35","0140010123","sutura","SUTURA DE POLIPROPILENO MONOFILAMENTO, CALIBRE 3.0, COLOR AZUL, LONGITUD 75 CMS CON DOS AGUJAS ESTRI","caja",NULL,"oficina","2025-05-12 15:35:46"
"36","0140010122","sutura","SUTURA DE POLIPROPILENO MONOFILAMENTO, CALIBRE 4.0, COLOR AZUL, LONGITUD 75 CMS., CON DOS AGUJAS EST","caja",NULL,"oficina","2025-05-12 15:35:46"
"37",,"sutura","SIN CODIGO EN ADEMPIERE","caja",NULL,"oficina","2025-05-12 15:35:46"
"38","140010127","sutura","SUTURA POLIPROPILENO 6/0, AZUL 75 cm, CON DOS AGUJAS ESTRIADASDE PUNTA CILINDRICA 3/8 DE CIRCULOo,DE","caja",NULL,"oficina","2025-05-12 15:35:46"
"39","1400100116","sutura","SUTURA POLIPROPILENO 7/0, AZUL,60CMS,CON DOS AGUJASTUNGTENO-RENIO ESTRIADAPUNTA CILINDRICA 3/8 CíRCU","caja",NULL,"oficina","2025-05-12 15:35:46"
"40","10010287","sutura","SUTURA POLIPROPILENO 8/0 HEBRA 45CM AGUJA 6,5 MM 3/8","caja",NULL,"oficina","2025-05-12 15:35:46"
"41","0140010229","sutura","SUTURA DE NYLON MONOFILAMENTO NEGRO CALIBRE 2.0 LONGITUD 45CMS CON AGUJA ESTRIADA DE REVERSO CORTANT","caja",NULL,"oficina","2025-05-12 15:35:46"
"42","0140010102","sutura","SUTURA DE NYLON MONOFILAMENTO NEGRO CALIBRE 3.0 LONGITUD 45CMS CON AGUJA ESTRIADA DE REVERSO CORTANT","caja",NULL,"oficina","2025-05-12 15:35:46"
"43","0140010104","sutura","SUTURA DE NYLON MONOFILAMENTO NEGRO CALIBRE 4.0 LONGITUD 45CMS CON AGUJA ESTRIADA DE REVERSO CORTANT","caja",NULL,"oficina","2025-05-12 15:35:46"
"44","0140010227","sutura","SUTURA DE NYLON MONOFILAMENTO NEGRO CALIBRE 5.0 LONGITUD 45CMS CON AGUJA ESTRIADA DE REVERSO CORTANT","caja",NULL,"oficina","2025-05-12 15:35:46"
"45","0140010330","sutura","SUTURA DE NYLON MONOFILAMENTO NEGRO CALIBRE 6.0 LONGITUD 45CMS CON AGUJA ESTRIADA DE REVERSO CORTANT","caja",NULL,"oficina","2025-05-12 15:35:46"
"46","0140010108","sutura","SUTURA DE POLIESTER TRENZADO,CALIBRE 0, COLOR VERDE, LONGITUD 75 CMS, AGUJA ESTRIADA DE PUNTA CILIND","caja",NULL,"oficina","2025-05-12 15:35:46"
"47","0140010105","sutura","SUTURA DE POLIESTER TRENZADO, CALIBRE 2.0, COLOR VERDE, LONGITUD 75 CMS, DOBLE AGUJA TAPERCUT, DE 1/","caja",NULL,"oficina","2025-05-12 15:35:46"
"48",,"sutura","SUTURA DE POLIESTER TRENZADO, CALIBRE 2.0, COLOR VERDE, LONGITUD 75 CMS, DOBLE AGUJA TAPERCUT, DE 1/","caja",NULL,"oficina","2025-05-12 15:35:46"
"49","0140010140","sutura","SUTURA DE POLIESTER TRENZADO, CALIBRE 3.0 COLOR VERDE, LONGIDUT 75 CMS DOS AGUJAS ESTRIADAS DE PUNTA","caja",NULL,"oficina","2025-05-12 15:35:46"
"50","0140010130","sutura","SUTURA DE SEDA TRENZADA CALIBRE 0 COLOR NEGRO LONGITUD 75 CMS CON AGUJA ESTRIADA PUNTA CILINDRADA 1/","caja",NULL,"oficina","2025-05-12 15:35:46"
"51","0140010133","sutura","SUTURA DE SEDA TRENZADA CALIBRE 2.0 NEGRO 75 CMS CON AGUJA ESTRIADA PUNTA CILINDRICA 1/2 CIRCULO 26M","caja",NULL,"oficina","2025-05-12 15:35:46"
"52","0140010135","sutura","SUTURA DE SEDA TRENZADA CALIBRE 3.0 COLOR NEGRO LONGITUD 75CMS CON AGUJA ESTRIADA PUNTA CILINDRADA 1","caja",NULL,"oficina","2025-05-12 15:35:46"
"53","0140013627","sutura","SUTURA SEDA NEGRA 4/0 ,75CMS,CON AGUJA ESTRIADA 1/2CIRCULO 17 MM .","caja",NULL,"oficina","2025-05-12 15:35:46"
"54","0140010532","sutura","SUTURA DE MONOFILAMENTO DE POLIDIOXANONA CALIBRE 1.0, LONG 70 CMS. CON AGUJA ESTRIADA, DE PUNTA CILI","caja",NULL,"oficina","2025-05-12 15:35:46"
"55","0140013849","sutura","SUTURA DE MONOFILAMENTO DE POLIDIOXANONA ANTIBACTERIAL 1, VIOLETA, 90 CM. CON AGUJA ESTRIADA DE PUNT","caja",NULL,"oficina","2025-05-12 15:35:46"
"56","0010045334","sutura","SUTURA POLIDIOXANONA (PDS PLUS)CALIBRE 2.0 ,HEBRA 30 CMS ,AGUJA SH 1/2 CIRCULO 26 MM","caja",NULL,"oficina","2025-05-12 15:35:46"
"57","0140010504","sutura","SUTURA DE MONOFILAMENTO DE POLIDIOXANONA CALIBRE 3.0, COLOR VIOLETA, LONG 70 CMS. CON AGUJA ESTRIADA","caja",NULL,"oficina","2025-05-12 15:35:46"
"58","0140010509","sutura","FALTA CODIGO EN SISTEMA","caja",NULL,"oficina","2025-05-12 15:35:46"
"59","0140010530","sutura","SUTURA DE MONOFILAMENTO DE POLIDIOXANONA CALIBRE 5.0, COLOR VIOLETA, LONG 70 CMS. CON AGUJA ESTRIADA","caja",NULL,"oficina","2025-05-12 15:35:46"
"60","0140010505","sutura","FALTA CODIGO EN SISTEMA","caja",NULL,"oficina","2025-05-12 15:35:46"
"61","0140010075","sutura","CERA OSEA 2.5 GR","caja",NULL,"oficina","2025-05-12 15:35:46"
"62","0140013967","sutura","SUTURA ACERO QUIRURGICO MONOFILAMENTO CALIBRE 4.0,HEBRA 45 CMS CON AGUJA ESTRIADA PTA CORTANTE MEDIO","caja",NULL,"oficina","2025-05-12 15:35:46"
"63","01400100117","sutura","SUTURA ABSORBIBLE BARBADA 3/0 HEBRA 15CMS CON AGUJA 1/2 CIRCULO 26 MM UNIDIRECCIONAL","unidad",NULL,"oficina","2025-05-12 15:35:46"
"64","01400100117","sutura","HOMOLOGACION DEL V-LOC","unidad",NULL,"oficina","2025-05-12 15:35:46"
"65","00100045338","sutura","SUTURADE CATGUT SIMPLE 0, MARRON 90 CMS, CON AGUJA ESTRIADA PUNTA CILINDRICA, 1/2CIRCULO 48 MM","caja",NULL,"oficina","2025-05-12 15:35:46"
"66","0140010065","sutura","SUTURA DE CATGUT SIMPLE, CALIBRE 1.0, COLOR MARRON, LONGITUD 70 CMS, CON AGUJA ESTRIADA DE PUNTA CIL","caja",NULL,"oficina","2025-05-12 15:35:46"
"67","0140010070","sutura","SUTURA DE CATGUT SIMPLE, CALIBRE 3.0 COLOR MARRON LONGITUD 70 CMS CON AGUJA ESTRIADA DE PUNTA CILIND","caja",NULL,"oficina","2025-05-12 15:35:46"
"68","0140010072","sutura","SUTURA DE CATGUT SIMPLE, CALIBRE 4.0 COLOR MARRON LONGITUD 70 CMS CON AGUJA ESTRIADA DE PUNTA CILIND","caja",NULL,"oficina","2025-05-12 15:35:46"
"69","0010043715","sutura mecanica","STAPLER CIRCULAR 22 O 25 MM","unidad",NULL,"oficina","2025-05-12 15:35:46"
"70","0140043359","sutura mecanica","GRAPADORA CIRCULAR CURVA 29 MM","unidad",NULL,"oficina","2025-05-12 15:35:46"
"71","0140043358","sutura mecanica","GRAPADORA CORTANTE CURVA DE 40 MM","unidad",NULL,"oficina","2025-05-12 15:35:46"
"72","0140043381","sutura mecanica","LINEAL CORTANTE 75MM","unidad",NULL,"oficina","2025-05-12 15:35:46"
"73","0140043396","sutura mecanica","ENDOGRAPADORA LINEAL CORTANTE ARTICULADA LAPAROSCOPICA CORTA CON LONGITUD DE EJE 6 CMS","unidad",NULL,"oficina","2025-05-12 15:35:46"
"74","0140043333","sutura mecanica","ENDOGIA UNIVERSAL XL","unidad",NULL,"oficina","2025-05-12 15:35:46"
"75","0140043452","sutura mecanica","RECARGA ENDOGRAPADORA LINEAL TEJIDO INTERMEDIO 60MM/3.5MM","unidad",NULL,"oficina","2025-05-12 15:35:46"
"76","0140043398","sutura mecanica","RECARGA DE ENDOGRAPADORA LINEAL CORTANTE ARTICULADA PARA TEJIDO VASCULAR DE 45 MM /2.5 MM","unidad",NULL,"oficina","2025-05-12 15:35:46"
"77","0010045299","sutura mecanica","RECARGA DE ENDOGRAPADORA LINEAL CORTANTE ARTICULADA PARA TEJIDO EXTRAGRUESO DE 45 MM","unidad",NULL,"oficina","2025-05-12 15:35:46"
"78","0140043451","sutura mecanica","RECARGA ENDOGRAPADORA LINEAL TEJIDO INTERMEDIO 45MM/3.5MM","unidad",NULL,"oficina","2025-05-12 15:35:46"
"79","0140040200","sutura mecanica","RECARGA ENDOGIA 4.8 MM VERDE","unidad",NULL,"oficina","2025-05-12 15:35:46"
"80","0140040198","sutura mecanica","RECARGA ENDOGUIA CON TRIPLE LINEA DE GRAPAS 60MM 3.5 (MORADO)","unidad",NULL,"oficina","2025-05-12 15:35:46"
"81","0140043380","sutura mecanica","RECARGA GRAPADORA LINEAL CORTANTE 75MM CON TECNOLOGIA 3D","unidad",NULL,"oficina","2025-05-12 15:35:46"
"82","0140043273","insumo clinico","HOOK EN L EQUIPO LAPAROSCOPIA (2-10)","unidad",NULL,"oficina","2025-05-12 15:35:46"
"83","0140010558","urologia","CATETER URETERAL PARA PIELOGRAFIA RETROGRADA ENDOSCóPICA 5 FR, 70 CMS","unidad",NULL,"oficina","2025-05-12 15:35:46"
"84","0140040234","urologia","HIDROFíLICA CON PUNTA NO ANGULADA. DIáMETRO 035 INCH. LONGITUD 150 CM","unidad",NULL,"oficina","2025-05-12 15:35:46"
"85","0140010080","clip","CLIP TITANIO MEDIUM CELESTE VASCULAR","cartucho",NULL,"oficina","2025-05-12 15:35:46"
"86","0140010077","clip","CLIP TITANIO PEQUE?O","cartucho",NULL,"oficina","2025-05-12 15:35:46"
"87","0140010076","clip","CLIP TITANIO MEDIO-GRANDE (LIGADURA MECANICA)","cartucho",NULL,"oficina","2025-05-12 15:35:46"
"88","0140010083","clip","CLIP POLIURETANO EXTRA LARGE SOBRE 6 CLIP 6 X13 MM","cartucho",NULL,"oficina","2025-05-12 15:35:46"
"89","0140010078","clip","CLIP POLIURETANO MLX (L) SOBRE 6 CLIP 6 X13 MM","cartucho",NULL,"oficina","2025-05-12 15:35:46"
"90","0140010097","malla","MALLA POLIPROPILENO 15X15 CM","unidad",NULL,"oficina","2025-05-12 15:35:46"
"91","1000641","malla","MALLA POLIPROPILENO MACROPOROSA 15X8 CMS","unidad",NULL,"oficina","2025-05-12 15:35:46"
"92","0140010098","malla","MALLA POLIPROPILENO 30X30 CM","unidad",NULL,"oficina","2025-05-12 15:35:46"
"93","0140010170","hemostatico","PARCHE DE HEMOSTASIA AVANZADA ABSORBIBLE DE CELULOSA OXIDADA NEUTRALIZADA (SURGICEL)","unidad",NULL,"oficina","2025-05-12 15:35:46"
"94","0140043462","hemostatico","TROMBINA HEMOSTATICA PRELLENADA (SURGIFLO)","unidad",NULL,"oficina","2025-05-12 15:35:46"
"95","0110010106","hemostatico","GELITA HEMOSTATICA 200 X 70 X 0.5 MM","unidad",NULL,"oficina","2025-05-12 15:35:46"
"96","01400100118","sutura","LIGADURA ENDOSCOPICA DE POLIGLACTINA 910 CALIBRE 0 18"" 45,72 CMS (ENDOLOOPS VICRYL)","unidad",NULL,"oficina","2025-05-12 15:35:46"
"97","0010045243","electrodo","ELECTRODO PARA LAPIZ ELECTRO BISTURÍ MICROPUNTA (PUNTA AGUJA) 5 CM LARGO","unidad",NULL,"oficina","2025-05-12 15:35:46"
"98","0140010417","electrodo","ELECTRODO PUNTA PALETA LARGA (65 MM)","unidad",NULL,"oficina","2025-05-12 15:35:46"
"99","0010045204","vac","ESPONJA POLIVINILO HIDROFILICA TAMA?O L 10X15CMS","unidad",NULL,"oficina","2025-05-12 15:35:46"
"100","0140010156","coloprocto","KIT RETRACTOR LAPAROSCOPICO ALEXIS TALLA M CON TAPA","unidad",NULL,"oficina","2025-05-12 15:35:46"
"101","0140011156","coloprocto","KIT RETRACTOR LAPAROSCOPICO ALEXIS TALLA L","unidad",NULL,"oficina","2025-05-12 15:35:46"
"102","0140011157","coloprocto","KIT RETRACTOR LAPAROSCÓPICO ALEXIS TALLA XL","unidad",NULL,"oficina","2025-05-12 15:35:46"
"103","0010060099","insumo clinico","CUBIERTA MESA ARSENALERA DESECHABLE ESTERIL","caja",NULL,"bodega 3","2025-05-12 15:35:46"
"104","0010045257","neuro","SELLANTE DURAMADRE HIDROGEL 5 ML","unidad",NULL,"critico","2025-05-12 15:35:46"
"105","0160030095","suero","AGUA BIDESTILADA 500 ML MT NO COLAP (ZONA C)","unidad",NULL,"bodega 4","2025-05-12 15:35:46"
"106","0160030072","suero","BICARBONATO DE SODIO 2/3 M SOL MT NO COLAP 250 ML (ZONA C)","unidad",NULL,"bodega 4","2025-05-12 15:35:46"
"107","0050020033","suero","BOLSA 100 X 120 (BOLSA COMPRESERA)","unidad",NULL,"bodega 4","2025-05-12 15:35:46"
"108","0020020104","suero","FRASCO HUMIDIFICADOR DESECHABLE PRELLENADO 350 ML","unidad",NULL,"bodega 4","2025-05-12 15:35:46"
"109","0160030035","suero","GLUCOSA 5% SOL MT NO COLAP 250 ML (ZONA C)","unidad",NULL,"bodega 4","2025-05-12 15:35:46"
"110","0160030044","suero","GLUCOSALINO ISOTONICO SOL MT NO COLAP 500 ML (ZONA C)","unidad",NULL,"bodega 4","2025-05-12 15:35:46"
"111","0160020016","suero","MANITOL 15% SOL INY MT COLAP 500 ML (ZONA C)","unidad",NULL,"bodega 4","2025-05-12 15:35:46"
"112","0160030068","suero","RINGER LACTATO SOL INY MT BOLSA 500 ML (ZONA C)","unidad",NULL,"bodega 4","2025-05-12 15:35:46"
"113","0160030046","suero","RINGER LACTATO SOL INY MT COLAP 500 ML (ZONA C)","unidad",NULL,"bodega 4","2025-05-12 15:35:46"
"114","0160030052","suero","SODIO CLORURO 0,9% AM VIDR AM PLAST 20 ML (ZONA C)","unidad",NULL,"bodega 4","2025-05-12 15:35:46"
"115","0210030006","suero","SODIO CLORURO 0,9% SOL INY BOLSA 3000 ML","unidad",NULL,"bodega 4","2025-05-12 15:35:46"
"116","0160030054","suero","SODIO CLORURO 0,9% SOL INY MT COLAP 100 ML (ZONA D)","unidad",NULL,"bodega 4","2025-05-12 15:35:46"
"117","0160030055","suero","SODIO CLORURO 0,9% SOL INY MT NO COLAP 1000 ML (BOTELLA) (ZONA D)","unidad",NULL,"bodega 4","2025-05-12 15:35:46"
"118","0160030061","suero","SODIO CLORURO 0,9% SOL INY MT NO COLAP 250 ML","unidad",NULL,"bodega 4","2025-05-12 15:35:46"
"119","0160030058","suero","SODIO CLORURO 0,9% SOL INY MT NO COLAP 500 ML (BOTELLA)","unidad",NULL,"bodega 4","2025-05-12 15:35:46"
"120",,"suero","GLICINA","unidad",NULL,"bodega 4","2025-05-12 15:35:46"
"121","0160030001","suero","AGUA BIDESTILADA 10 ML SOL INY AM","unidad",NULL,"bodega 4","2025-05-12 15:35:46"
"122","0110013416","insumo clinico","SET REGIONAL (FUENTE ALUSA, 3 GASAS, APLICADOR, 2 TAOLLAS) (ZONA B)","unidad",NULL,"bodega 4","2025-05-12 15:35:46"
"123","0110013415","insumo clinico","SET VESICAL (FUENTE ALUSA, CAMPO PERFORADO, CAMPO ESTERIL) (ZONA B)","unidad",NULL,"bodega 4","2025-05-12 15:35:46"
"124",,"insumo clinico","PECHERA DESECHABLE","unidad",NULL,"bodega 4","2025-05-12 15:35:46"
"125",,"insumo clinico","PAÑALES ADULTO","unidad",NULL,"bodega 4","2025-05-12 15:35:46"
"126",,"insumo clinico","PAÑALES PEDIATRICOS","unidad",NULL,"bodega 4","2025-05-12 15:35:46"
"127",,"insumo clinico","RIÑONES DESECHABLES","unidad",NULL,"bodega 4","2025-05-12 15:35:46"
"128",,"insumo clinico","EQUIPO DE CURACION DESECHABLE","unidad",NULL,"bodega 5","2025-05-12 15:35:46"
"129","0140040159","sutura","HISTOCRYL","unidad",NULL,"oficina","2025-05-12 15:35:46"
"130","0110020007","insumo clinico","AEROCAMARA ADULTO USO EN AEROSOL (VALVULADA)","unidad",NULL,"bodega 2","2025-05-12 15:35:46"
"131","0110020008","insumo clinico","AEROCAMARA PEDIATRICA USO INHALADOR AEROSOL","unidad",NULL,"bodega 2","2025-05-12 15:35:46"
"132","0110020016","insumo clinico","AGUJA HIPODERMICA DESECHABLE 19 G X 1 1/2"" (1-5)","unidad",NULL,"bodega 2","2025-05-12 15:35:46"
"133","0110020018","insumo clinico","AGUJA HIPODERMICA DESECHABLE 21 G X 1 1/2""(1-5)","unidad",NULL,"bodega 2","2025-05-12 15:35:46"
"134","0110020020","insumo clinico","AGUJA HIPODERMICA DESECHABLE 23 G X 1"" (1-5)","unidad",NULL,"bodega 2","2025-05-12 15:35:46"
"135","0110020021","insumo clinico","AGUJA HIPODERMICA DESECHABLE 25 G X 0.625"" (1-5)","unidad",NULL,"bodega 2","2025-05-12 15:35:46"
"136","0110020022","insumo clinico","AGUJA HIPODERMICA DESECHABLE 27 G X 0.375"" (1-5)","unidad",NULL,"bodega 2","2025-05-12 15:35:46"
"137","0110020033","insumo clinico","ALARGADOR VENOSO 10 CM CON LLAVE 3 PASOS (1-6)","unidad",NULL,"bodega 2","2025-05-12 15:35:46"
"138","0140010288","insumo clinico","ALARGADOR VENOSO CON LLAVE 30 CM(1-6)","unidad",NULL,"bodega 2","2025-05-12 15:35:46"
"139","0140010289","insumo clinico","ALARGADOR VENOSO CON LLAVE 60 CM(1-6)","unidad",NULL,"bodega 2","2025-05-12 15:35:46"
"140","0140013928","insumo clinico","ALCOHOL 70% SACHET INDIVIDUAL","unidad",NULL,"bodega 2","2025-05-12 15:35:46"
"141","0130020034","insumo clinico","ALCOHOL GEL FC 340 ML CON DOSIFICADOR","unidad",NULL,"bodega 2","2025-05-12 15:35:46"
"142","0240033164","insumo clinico","ALCOHOL ISOPROPILICO 70° SOLUCIÓN LÍQUIDA FRASCO INDIVIDUAL PRESENTACIÓN 290 ML","unidad",NULL,"bodega 2","2025-05-12 15:35:46"
"143","0240033065","insumo clinico","ALCOHOL ISOPROPILICO 70° TOALLA IMPREGNADA 15X15 CMS EMPAQUE INDIVIDUAL","unidad",NULL,"bodega 2","2025-05-12 15:35:46"
"144","0130020076","insumo clinico","AMONIO CUATERNARIO, COMPONENTE ALCOHOLICO 700ML (MELISEPTOL)","unidad",NULL,"bodega 2","2025-05-12 15:35:46"
"145","0140010396","insumo clinico","PRIMAPOR GRANDE 15 X 8 CM (1-14)","unidad",NULL,"bodega 2","2025-05-12 15:35:46"
"146","0140010395","insumo clinico","PRIMAPOR CHICO 8.3 X 6 CM (1-14)","unidad",NULL,"bodega 2","2025-05-12 15:35:46"
"147","0110010021","insumo clinico","APOSITO ADHESIVO TRANSPARENTE 10 X 12 CM (TEGADERM)","unidad",NULL,"bodega 2","2025-05-12 15:35:46"
"148","0110510130","insumo clinico","APOSITO GASA 10 X 10 ESTERIL","unidad",NULL,"bodega 2","2025-05-12 15:35:46"
"149","0140010382","insumo clinico","APOSITO GASA 10 X 20 CM 1 ENVASE ESTERIL","unidad",NULL,"bodega 2","2025-05-12 15:35:46"
"150","0110010023","insumo clinico","APOSITO TRANSPARENTE TEGADERM ADHESIVO 6 X 7 CM (1-8)","unidad",NULL,"bodega 2","2025-05-12 15:35:46"
"151","0140013888","insumo clinico","APOSITO TRANSPARENTE ADHESIVO TEGADERM I.V. 8.5*11.5 CM. (1-9)","unidad",NULL,"bodega 2","2025-05-12 15:35:46"
"152","0140010393","insumo clinico","APOSITO TRANSPARENTE MEDIANO 6,5 X 7 CM I.V. (1-7) VIA VENOSA","unidad",NULL,"bodega 2","2025-05-12 15:35:46"
"153","0110010026","insumo clinico","BAJA LENGUA DESECHABLE (1-10)","unidad",NULL,"bodega 2","2025-05-12 15:35:46"
"154","0140010389","insumo clinico","BAJADA BOMBA CAMA CRÍTICA FRESENIUS","unidad",NULL,"bodega 2","2025-05-12 15:35:46"
"155","0140010450","insumo clinico","BAJADA FOTOPROTECTORA BOMBA CAMA CRITICA FRESENIUS (2-13)","unidad",NULL,"bodega 2","2025-05-12 15:35:46"
"156","0110013393","insumo clinico","BAJADA FOTOPROTECTORA CAMA SIMPLE INJECTOMAT (BAJADA COLOR NARANJA )","unidad",NULL,"bodega 2","2025-05-12 15:35:46"
"157","0140010387","insumo clinico","BAJADA UNIVERSAL BOMBA INFUSION (HAW K MED)","unidad",NULL,"bodega 2","2025-05-12 15:35:46"
"158","0140010388","insumo clinico","BAJADA UNIVERSAL LUER LOCK","unidad",NULL,"bodega 2","2025-05-12 15:35:46"
"159","0110010019","insumo clinico","BATA QUIRURGICA ESTERIL TALLA XL","unidad",NULL,"bodega 2","2025-05-12 15:35:46"
"160","0050020044","insumo clinico","BOLSA 30 X 50","unidad",NULL,"bodega 2","2025-05-12 15:35:46"
"161","0110020038","insumo clinico","BOLSA ASPIRACIÓN DESECHABLE 1000 CC","unidad",NULL,"bodega 2","2025-05-12 15:35:46"
"162","0110020505","insumo clinico","AQUASEL / DRENAJE","unidad",NULL,"bodega 2","2025-05-12 15:35:46"
"163","0110020515","insumo clinico","AQUASEL / DRENAJE P","unidad",NULL,"bodega 2","2025-05-12 15:35:46"
"164","0140010468","insumo clinico","BOLSA RECOLECTOR CON MEDICION HORARIA","unidad",NULL,"bodega 2","2025-05-12 15:35:46"
"165","0110010041","insumo clinico","BOLSA RECOLECTORA ORINA DESECHABLE ADULTO GRADUADA 2 LT","unidad",NULL,"bodega 2","2025-05-12 15:35:46"
"166","0050020049","insumo clinico","BOLSA RESELLABLE PLASTICA( BIOPSIAS)","unidad",NULL,"bodega 2","2025-05-12 15:35:46"
"167","0050020039","insumo clinico","BOLSA TRANSPARENTE 21 X 28 PARA BIOPSIA","unidad",NULL,"bodega 2","2025-05-12 15:35:46"
"168","0130013198","insumo clinico","CUBRE CALZADO","unidad",NULL,"bodega 2","2025-05-12 15:35:46"
"169","0130020020","insumo clinico","CALZON MALLA ( 1-21)","unidad",NULL,"bodega 2","2025-05-12 15:35:46"
"170","0140013564","insumo clinico","CANULA ASPIRACION YANKAUER 24 FR 5MM (1-12)","unidad",NULL,"bodega 2","2025-05-12 15:35:46"
"171","0140013564","insumo clinico","CANULA ASPIRACION YANKAUER 24 FR 8MM (1-12)","unidad",NULL,"bodega 2","2025-05-12 15:35:46"
"172","0110020053","insumo clinico","CANULA MAYO GUEDEL N° 1 (1-11)","unidad",NULL,"bodega 2","2025-05-12 15:35:46"
"173","0110020054","insumo clinico","CANULA MAYO GUEDEL N° 2 (1-11)","unidad",NULL,"bodega 2","2025-05-12 15:35:46"
"174","0110020055","insumo clinico","CANULA MAYO GUEDEL N° 3 (1-11)","unidad",NULL,"bodega 2","2025-05-12 15:35:46"
"175","0110020056","insumo clinico","CANULA MAYO GUEDEL N° 4 (1-11)","unidad",NULL,"bodega 2","2025-05-12 15:35:46"
"176","0110020057","insumo clinico","CANULA MAYO GUEDEL N° 5 (1-11)","unidad",NULL,"bodega 2","2025-05-12 15:35:46"
"177","0110020093","insumo clinico","CATETER INTRAVENOSO 14 G X 50-60 MM (1-13) (BRANULA)","unidad",NULL,"bodega 2","2025-05-12 15:35:46"
"178","0110020445","insumo clinico","CATETER INTRAVENOSO 16 G X 30-35 MM (1-13) (BRANULA)","unidad",NULL,"bodega 2","2025-05-12 15:35:46"
"179","0110020096","insumo clinico","CATETER INTRAVENOSO 18 G X 30-35 MM (1-13) (BRANULA)","unidad",NULL,"bodega 2","2025-05-12 15:35:46"
"180","0110020591","insumo clinico","CATETER INTRAVENOSO 20 G X 30 A 35 MM (1-13) (BRANULA","unidad",NULL,"bodega 2","2025-05-12 15:35:46"
"181","0110020100","insumo clinico","CATETER INTRAVENOSO 22 G X 20-30 MM (1-13) (BRANULA)","unidad",NULL,"bodega 2","2025-05-12 15:35:46"
"182","0110020101","insumo clinico","CATETER INTRAVENOSO 24 G X 18-20 MM (1-14) (BRANULA)","unidad",NULL,"bodega 2","2025-05-12 15:35:46"
"183","0110020148","insumo clinico","CATETER VENOSO CENTRAL 7 FR X 20 CM / 3 LUMEN COBERTURA ANTIBIOTICA (1-16)","unidad",NULL,"bodega 2","2025-05-12 15:35:46"
"184","0130020139","insumo clinico","CHATA DESECHABLE","unidad",NULL,"bodega 2","2025-05-12 15:35:46"
"185","0110020577","insumo clinico","TIRAS HEMOGLUCOTES CAJA ( 50 UNIDADES )","unidad",NULL,"bodega 2","2025-05-12 15:35:46"
"186","0020023502","insumo clinico","CLIPPER 9670 PARA RASURADORA MARCA 3M (1-17)","unidad",NULL,"bodega 2","2025-05-12 15:35:46"
"187","0170040012","insumo clinico","CLORHEXIDINA 2% SOL FC 50 ML","unidad",NULL,"bodega 2","2025-05-12 15:35:46"
"188","0130013223","insumo clinico","CLORO POLVO 62% SACHET 4 G","unidad",NULL,"bodega 2","2025-05-12 15:35:46"
"189","0110010220","insumo clinico","COMPRESA DE GASA 45X45 NO ESTERIL A GRANEL (ZONA B)","unidad",NULL,"bodega 2","2025-05-12 15:35:46"
"190","0150010100","insumo clinico","CONTENCION DE MANOS Y PIES ADULTO (2-2)","unidad",NULL,"bodega 2","2025-05-12 15:35:46"
"191","0020030007","insumo clinico","ELECTRODO ELECTROCARDIOGRAMA ADULTO (1-10)","unidad",NULL,"bodega 2","2025-05-12 15:35:46"
"192","0110010070","insumo clinico","EQUIPO INFUSION INTRAVENOSA (SCALP) 19 G X 3/4"" (1-17)","unidad",NULL,"bodega 2","2025-05-12 15:35:46"
"193","0110010071","insumo clinico","EQUIPO INFUSION INTRAVENOSA (SCALP) 21 G X 3/4"" (1-17)","unidad",NULL,"bodega 2","2025-05-12 15:35:46"
"194","0110010072","insumo clinico","EQUIPO INFUSION INTRAVENOSA (SCALP) 23 G X 3/4"" (1-17)","unidad",NULL,"bodega 2","2025-05-12 15:35:46"
"195","0050020009","insumo clinico","FRASCO DE ORINA TAPA ROSCA ( POLIPROPILENO )","unidad",NULL,"bodega 2","2025-05-12 15:35:46"
"196","0110020565","insumo clinico","GASA 5 X 5 4 PLIEGUES 2 UNIDADES 1 PAQUETE ESTERIL (2-12)","unidad",NULL,"bodega 2","2025-05-12 15:35:46"
"197","0110020088","insumo clinico","GASA LARGA 5 X 100 X 5 1 ENVASE C/HRP (ZONA B)","unidad",NULL,"bodega 2","2025-05-12 15:35:46"
"198","0020030011","insumo clinico","GEL ECOGRAFIA ECG PARA PREPARACION DE LA PIEL","unidad",NULL,"bodega 2","2025-05-12 15:35:46"
"199","0020030018","insumo clinico","GEL ESTERIL SACHET","unidad",NULL,"bodega 2","2025-05-12 15:35:46"
"200","0020020293","insumo clinico","GEL PARA ECOGRAFIA TUBO DISPENSADOR 250 GR. (2-14)","unidad",NULL,"bodega 2","2025-05-12 15:35:46"
"201","0030030005","insumo clinico","GLUCONATO DE CLORHEXIDINA 2 % Y BASE ALCOHOLICA PRESENTACIÓN APLICADOR 10 ML APROXIMADAMENTE (2-37)","unidad",NULL,"bodega 2","2025-05-12 15:35:46"
"202","0130020013","insumo clinico","GORRO DESECHABLE ENFERMERA (ZONA A)","unidad",NULL,"bodega 2","2025-05-12 15:35:46"
"203","0110020557","insumo clinico","GUANTE ESTERIL N° 8.5 LATEX","unidad",NULL,"bodega 2","2025-05-12 15:35:46"
"204","0110010107","insumo clinico","GUANTE EXAMEN LATEX CHICO NO ESTERIL (ZONA A)","unidad",NULL,"bodega 2","2025-05-12 15:35:46"
"205","0110010108","insumo clinico","GUANTE EXAMEN LATEX GRANDE NO ESTERIL (ZONA A)","unidad",NULL,"bodega 2","2025-05-12 15:35:46"
"206","0110010109","insumo clinico","GUANTE EXAMEN LATEX MEDIANO NO ESTERIL (ZONA A)","unidad",NULL,"bodega 2","2025-05-12 15:35:46"
"207","0110013358","insumo clinico","GUANTE EXAMEN NITRILO (L) (ZONA A)","unidad",NULL,"bodega 2","2025-05-12 15:35:46"
"208","0110013327","insumo clinico","GUANTE EXAMEN NITRILO (M) (ZONA A)","unidad",NULL,"bodega 2","2025-05-12 15:35:46"
"209","0110010307","insumo clinico","GUANTE EXAMEN NITRILO (S) (ZONA A)","unidad",NULL,"bodega 2","2025-05-12 15:35:46"
"210","0110010119","insumo clinico","GUANTE QUIRURGICO ESTERIL N° 6 1/2 (ZONA A)","unidad",NULL,"bodega 2","2025-05-12 15:35:46"
"211","0110010120","insumo clinico","GUANTE QUIRURGICO ESTERIL N° 7 (ZONA A)","unidad",NULL,"bodega 2","2025-05-12 15:35:46"
"212","0110010121","insumo clinico","GUANTE QUIRURGICO ESTERIL N° 7 1/2 (ZONA A)","unidad",NULL,"bodega 2","2025-05-12 15:35:46"
"213","0110010122","insumo clinico","GUANTE QUIRURGICO ESTERIL N° 8 (ZONA A)","unidad",NULL,"bodega 2","2025-05-12 15:35:46"
"214","0110010118","insumo clinico","GUANTE QUIRURGICO ESTERIL Nº 6 (ZONA A)","unidad",NULL,"bodega 2","2025-05-12 15:35:46"
"215","0110010114","insumo clinico","GUANTE QUIRURGICO N° 6 1/2 LIBRE LATEX (ZONA A)","unidad",NULL,"bodega 2","2025-05-12 15:35:46"
"216","0110010115","insumo clinico","GUANTE QUIRURGICO N° 7 1/2 LIBRE LATEX (ZONA A)","unidad",NULL,"bodega 2","2025-05-12 15:35:46"
"217","0110010116","insumo clinico","GUANTE QUIRURGICO N° 7.0 LIBRE LATEX (ZONA A)","unidad",NULL,"bodega 2","2025-05-12 15:35:46"
"218","0110010117","insumo clinico","GUANTE QUIRURGICO N° 8.0 LIBRE LATEX (ZONA A)","unidad",NULL,"bodega 2","2025-05-12 15:35:46"
"219","0110013372","insumo clinico","GUANTE QUIRURGICO Nº 8.5 LIBRE LATEX (ZONA A)","unidad",NULL,"bodega 2","2025-05-12 15:35:46"
"220","0110010127","insumo clinico","HISOPO PINCELADOR ESTERIL PAPEL GRADO MEDICO (1-8)","unidad",NULL,"bodega 2","2025-05-12 15:35:46"
"221","0140040016","insumo clinico","HOJA BISTURI N° 10 (2-37)","unidad",NULL,"bodega 2","2025-05-12 15:35:46"
"222","0140040017","insumo clinico","HOJA BISTURI N° 11 (1-18)","unidad",NULL,"bodega 2","2025-05-12 15:35:46"
"223","0140040018","insumo clinico","HOJA BISTURI N° 15 (2-37)","unidad",NULL,"bodega 2","2025-05-12 15:35:46"
"224","0140040022","insumo clinico","HOJA BISTURI N° 24 (2-37)","unidad",NULL,"bodega 2","2025-05-12 15:35:46"
"225","0110010456","insumo clinico","HOJA BISTURI N°23 (2-37)","unidad",NULL,"bodega 2","2025-05-12 15:35:46"
"226","0130020014","insumo clinico","JABON BASE POVIDONA YODADA 8 - 10%, MAXIMO 125 ML(1-2)","unidad",NULL,"bodega 2","2025-05-12 15:35:46"
"227","0130023129","insumo clinico","JABON CLORHEXIDINA 2% 340 ML","unidad",NULL,"bodega 2","2025-05-12 15:35:46"
"228","0110020621","insumo clinico","JERINGA HEPARINIZADA 3 ML DESECHABLE","unidad",NULL,"bodega 2","2025-05-12 15:35:46"
"229","0110020600","insumo clinico","JERINGA INSULINA 1 ML 100 UI CON AGUJA INTERCAMBIABLE 27-30 G X 0.5""","unidad",NULL,"bodega 2","2025-05-12 15:35:46"
"230","0110020245","insumo clinico","JERINGA INSULINA 100 UI CON AGUJA FIJA (ZONA B)","unidad",NULL,"bodega 2","2025-05-12 15:35:46"
"231","0110020236","insumo clinico","JERINGA TOPE GOMA LUER LOCK 50 ML (ZONA B)","unidad",NULL,"bodega 2","2025-05-12 15:35:46"
"232","0110020237","insumo clinico","JERINGA TOPE GOMA LUER LOCK CON AGUJA 10 ML 21 G X 1 1/2"" (ZONA B)","unidad",NULL,"bodega 2","2025-05-12 15:35:46"
"233","0110020234","insumo clinico","JERINGA TOPE GOMA LUER LOCK CON AGUJA 3 ML 21 G X 1 1/2"" (ZONA B)","unidad",NULL,"bodega 2","2025-05-12 15:35:46"
"234","0110020235","insumo clinico","JERINGA TOPE GOMA LUER LOCK CON AGUJA 5 ML 21 G X 1 1/2"" (ZONA B)","unidad",NULL,"bodega 2","2025-05-12 15:35:46"
"235","0110020243","insumo clinico","JERINGA TOPE GOMA PUNTA CATETER 50-60 ML (ZONA B)","unidad",NULL,"bodega 2","2025-05-12 15:35:46"
"236","0110202450","insumo clinico","JERINGA TOPE GOMA SIN AGUJA 20 ML LUER LOCK (ZONA B)","unidad",NULL,"bodega 2","2025-05-12 15:35:46"
"237","0110020576","insumo clinico","LANCETA DESECHABLE PARA GLUCOMETRO HOSPITALIZADO","unidad",NULL,"bodega 2","2025-05-12 15:35:46"
"238","0110020261","insumo clinico","LLAVE TRES PASOS DESECHABLE","unidad",NULL,"bodega 2","2025-05-12 15:35:46"
"239","0110020270","insumo clinico","MASCARILLA AEROSOL ADULTO NEBULIZADOR CON TUBO CONEXION OXIGENO (1-36)","unidad",NULL,"bodega 2","2025-05-12 15:35:46"
"240","0110013364","insumo clinico","MASCARILLA CON NEBULIZADOR PEDIATRICA","unidad",NULL,"bodega 2","2025-05-12 15:35:46"
"241","0110020269","insumo clinico","MASCARILLA OXIGENO ALTO FLUJO ADULTO","unidad",NULL,"bodega 2","2025-05-12 15:35:46"
"242","0110020482","insumo clinico","MASCARILLA OXIGENO ALTO FLUJO PEDIATRICA","unidad",NULL,"bodega 2","2025-05-12 15:35:46"
"243","0110020264","insumo clinico","MASCARILLA VENTURI CON CONEXION OXIGENO ADULTO","unidad",NULL,"bodega 2","2025-05-12 15:35:46"
"244","0140013638","insumo clinico","MEDIA ANTIEMBOLICA EXTRA EXTRA LARGE (1-20)","unidad",NULL,"bodega 2","2025-05-12 15:35:46"
"245","0140013691","insumo clinico","MEDIA ANTIEMBOLICA EXTRA LARGE (1-20)","unidad",NULL,"bodega 2","2025-05-12 15:35:46"
"246","0110010235","insumo clinico","MEDIA ANTIEMBOLICA LARGE (1-19)","unidad",NULL,"bodega 2","2025-05-12 15:35:46"
"247","0110010236","insumo clinico","MEDIA ANTIEMBOLICA MEDIUM (1-19)","unidad",NULL,"bodega 2","2025-05-12 15:35:46"
"248","0110010237","insumo clinico","MEDIA ANTIEMBOLICA SMALL (1-19)","unidad",NULL,"bodega 2","2025-05-12 15:35:46"
"249","0130020021","insumo clinico","PAÑAL DESECHABLE ADULTO","unidad",NULL,"bodega 2","2025-05-12 15:35:46"
"250","0130020123","insumo clinico","PATO URINARIO DESECHABLE","unidad",NULL,"bodega 2","2025-05-12 15:35:46"
"251","0130020051","insumo clinico","POVIDONA SOLUCION 10% FC 50 ML (1-2)","unidad",NULL,"bodega 2","2025-05-12 15:35:46"
"252","0110010148","insumo clinico","REGULADOR DE GOTEO LARGO 40-55 MM","unidad",NULL,"bodega 2","2025-05-12 15:35:46"
"253","0110010151","insumo clinico","REGULADOR DE GOTEO LARGO 56-70 MM","unidad",NULL,"bodega 2","2025-05-12 15:35:46"
"254","0110010147","insumo clinico","RIÑONES DESECHABLES NO ESTERILES","unidad",NULL,"bodega 2","2025-05-12 15:35:46"
"255","0010040140","insumo clinico","SACA CORCHETES (1-24)","unidad",NULL,"bodega 2","2025-05-12 15:35:46"
"256","0110010165","insumo clinico","SACHET REMOVEDOR Y LIBERADOR DE ADHESIVO, 3ML, HIPOALERGENICO, A BASE 100% DE SILICONA(1-1)","unidad",NULL,"bodega 2","2025-05-12 15:35:46"
"257","0020020346","insumo clinico","ARTERIOFIX # 20","unidad",NULL,"bodega 2","2025-05-12 15:35:46"
"258","0110020309","insumo clinico","SONDA ASPIRACION CONTROL SUCCION 10 FR(1-38)","unidad",NULL,"bodega 2","2025-05-12 15:35:46"
"259","0110020310","insumo clinico","SONDA ASPIRACION CONTROL SUCCION 12 FR (1-39)","unidad",NULL,"bodega 2","2025-05-12 15:35:46"
"260","0110020311","insumo clinico","SONDA ASPIRACION CONTROL SUCCION 14 FR (1-39)","unidad",NULL,"bodega 2","2025-05-12 15:35:46"
"261","0110020312","insumo clinico","SONDA ASPIRACION CONTROL SUCCION 16 FR (1-39)","unidad",NULL,"bodega 2","2025-05-12 15:35:46"
"262","0110020314","insumo clinico","SONDA ASPIRACION CONTROL SUCCION 6 FR (1-38)","unidad",NULL,"bodega 2","2025-05-12 15:35:46"
"263","0110020315","insumo clinico","SONDA ASPIRACION CONTROL SUCCION 8 FR (1-38)","unidad",NULL,"bodega 2","2025-05-12 15:35:46"
"264","0110020321","insumo clinico","SONDA FOLEY 10 FR CON BALON 5ML (2-32)","unidad",NULL,"bodega 2","2025-05-12 15:35:46"
"265","0110020322","insumo clinico","SONDA FOLEY 12 FR CON BALON 5 ML (2-32)","unidad",NULL,"bodega 2","2025-05-12 15:35:46"
"266","0110020323","insumo clinico","SONDA FOLEY 14 FR CON BALON 5 ML (2-32)","unidad",NULL,"bodega 2","2025-05-12 15:35:46"
"267","0110020324","insumo clinico","SONDA FOLEY 16 FR CON BALON 5 ML (2-32)","unidad",NULL,"bodega 2","2025-05-12 15:35:46"
"268","0110020326","insumo clinico","SONDA FOLEY 18 FR CON BALON 5 ML (2-32)","unidad",NULL,"bodega 2","2025-05-12 15:35:46"
"269","0110020328","insumo clinico","SONDA FOLEY 20 FR CON BALON 5 ML (2-32)","unidad",NULL,"bodega 2","2025-05-12 15:35:46"
"270","0110020330","insumo clinico","SONDA FOLEY 22 FR CON BALON 30 ML 3 VIAS (2-33)","unidad",NULL,"bodega 2","2025-05-12 15:35:46"
"271","0110020495","insumo clinico","SONDA FOLEY SILICONA 16 FR CON BALON 5-15 ML 2 VIAS (2-33)","unidad",NULL,"bodega 2","2025-05-12 15:35:46"
"272","0110020337","insumo clinico","SONDA FOLEY SILICONADA 14 FR CON BALON 5 -15 ML 2 VIAS (2-33)","unidad",NULL,"bodega 2","2025-05-12 15:35:46"
"273","0110020344","insumo clinico","SONDA NASOGASTRICA LEVIN DESECHABLE 10 FR (1-30)","unidad",NULL,"bodega 2","2025-05-12 15:35:46"
"274","0110020345","insumo clinico","SONDA NASOGASTRICA LEVIN DESECHABLE 12 FR (1-30)","unidad",NULL,"bodega 2","2025-05-12 15:35:46"
"275","0110020346","insumo clinico","SONDA NASOGASTRICA LEVIN DESECHABLE 14 FR (1-31)","unidad",NULL,"bodega 2","2025-05-12 15:35:46"
"276","0110020347","insumo clinico","SONDA NASOGASTRICA LEVIN DESECHABLE 16 FR (1-30)","unidad",NULL,"bodega 2","2025-05-12 15:35:46"
"277","0140013875","insumo clinico","SONDA NELATON GOMA ROJA ESTERIL Nº10 (1-4)","unidad",NULL,"bodega 2","2025-05-12 15:35:46"
"278","0140013876","insumo clinico","SONDA NELATON GOMA ROJA ESTERIL Nº12 (1-4)","unidad",NULL,"bodega 2","2025-05-12 15:35:46"
"279","0140013877","insumo clinico","SONDA NELATON GOMA ROJA ESTERIL Nº14 (1-4)","unidad",NULL,"bodega 2","2025-05-12 15:35:46"
"280","0140013878","insumo clinico","SONDA NELATON GOMA ROJA ESTERIL Nº16 (1-4)","unidad",NULL,"bodega 2","2025-05-12 15:35:46"
"281","0140013879","insumo clinico","SONDA NELATON GOMA ROJA ESTERIL Nº18 (1-4)","unidad",NULL,"bodega 2","2025-05-12 15:35:46"
"282","0140013880","insumo clinico","SONDA NELATON GOMA ROJA ESTERIL Nº20 (1-5)","unidad",NULL,"bodega 2","2025-05-12 15:35:46"
"283","0110020353","insumo clinico","SONDA NELATON N° 12 FR DESECHABLE ESTERIL (2-23)","unidad",NULL,"bodega 2","2025-05-12 15:35:46"
"284","0110020355","insumo clinico","SONDA NELATON N° 14 FR DESECHABLE ESTERIL (2-23)","unidad",NULL,"bodega 2","2025-05-12 15:35:46"
"285","0110020507","insumo clinico","SONDA NELATON N° 16 FR DESECHABLE ESTERIL (2-23)","unidad",NULL,"bodega 2","2025-05-12 15:35:46"
"286","0110023965","insumo clinico","SONDA NELATON Nº 06 FR DESECHABLE ESTERIL (2-23)","unidad",NULL,"bodega 2","2025-05-12 15:35:46"
"287","0110020510","insumo clinico","NARICERA ADULTO","unidad",NULL,"bodega 2","2025-05-12 15:35:46"
"288","0110020500","insumo clinico","NARICERA NEONATAL","unidad",NULL,"bodega 2","2025-05-12 15:35:46"
"289","0110020509","insumo clinico","NARICERA PEDIATRICA","unidad",NULL,"bodega 2","2025-05-12 15:35:46"
"290","0110020213","insumo clinico","SUJETADOR SONDA FOLEY PACIENTE ADULTO(2-2)","unidad",NULL,"bodega 2","2025-05-12 15:35:46"
"291","0110020384","insumo clinico","TAPA OBTURACION SIN GOMA PARA PUNCION UNIDAD ROJA (1-8)","unidad",NULL,"bodega 2","2025-05-12 15:35:46"
"292","0110010234","insumo clinico","TEJIDO TUBULAR 10 CM X 25 MT RO","unidad",NULL,"bodega 2","2025-05-12 15:35:46"
"293","0110010172","insumo clinico","TEJIDO TUBULAR 20 CM RO 25 MT","unidad",NULL,"bodega 2","2025-05-12 15:35:46"
"294","0110010224","insumo clinico","TELA ADHESIVA MICROPOROSA 5 CM X 10 MT (2-39)","unidad",NULL,"bodega 2","2025-05-12 15:35:46"
"295","0110010174","insumo clinico","TELA ADHESIVA MICROPOROSA CA 2.5 CM X 10 MT (2-39)","unidad",NULL,"bodega 2","2025-05-12 15:35:46"
"296","0110010176","insumo clinico","TELA ADHESIVA PLASTICA TRANSPARENTE 2.5 CM X 10 MT (2-38)","unidad",NULL,"bodega 2","2025-05-12 15:35:46"
"297","0110010177","insumo clinico","TELA ADHESIVA PLASTICA TRANSPARENTE 5 CM X 10 MT (2-38)","unidad",NULL,"bodega 2","2025-05-12 15:35:46"
"298","0110010179","insumo clinico","TELA ADHESIVA SEDA 5 X 9.14 MT (DURAPORE)","unidad",NULL,"bodega 2","2025-05-12 15:35:46"
"299","0110010175","insumo clinico","TELA ADHESIVA TRACCION Y FIJACION 5 CM X 5 MT (2-29) TELA CHINA","unidad",NULL,"bodega 2","2025-05-12 15:35:46"
"300","0110010251","insumo clinico","TELA DURAPORE 2.5 CM X 9,1 MTS (2-38)","unidad",NULL,"bodega 2","2025-05-12 15:35:46"
"301","0130010086","insumo clinico","TOALLA DESECHABLE AMONIO CUATERNARIO","unidad",NULL,"bodega 2","2025-05-12 15:35:46"
"302","0010063181","insumo clinico","TOALLITA REMOVEDORA ADHESIVO (1-1)","unidad",NULL,"bodega 2","2025-05-12 15:35:46"
"303","0120020285","insumo clinico","TORULA CON MEDIO DE TRANSPORTE STUART (2-24)","unidad","10","bodega 2","2025-05-14 14:54:04"
"304","0110013339","insumo clinico","TORULA GASA 3 CM ESTERIL (DEDOS) BS 10 UD CON HILO RADIOPACO DOBLE EMPAQUE","unidad","3","bodega 2","2025-05-25 03:23:21"
"305","0140010292","insumo clinico","TRANSDUCTOR DESECHABLE BRAUN COMBITRANS.","unidad","10","bodega 2","2025-05-14 14:54:31"
"306","0110020399","insumo clinico","TUBO ENDOTRAQUEAL 2.5 MM DIAMETRO INTERNO SIN BALON (2-5)","unidad","10","bodega 2","2025-05-14 14:54:14"
"307","0110020400","insumo clinico","TUBO ENDOTRAQUEAL 3.0 MM DIAMETRO INTERNO SIN BALON (2-5)","unidad","10","bodega 2","2025-05-14 14:54:11"
"308","0110020524","insumo clinico","TUBO ENDOTRAQUEAL 3.5 FR DIAMETRO INTERNO CON BALON (2-5)","unidad","1","bodega 2","2025-05-14 14:54:26"
"309","0110020401","insumo clinico","TUBO ENDOTRAQUEAL 3.5 MM DIAMETRO INTERNO SIN BALON (2-5)","unidad","10","bodega 2","2025-05-14 14:54:07"
"310","0110020405","insumo clinico","TUBO ENDOTRAQUEAL 4.0 MM DIAMETRO INTERNO CON BALON (2-6)","unidad",NULL,"bodega 2","2025-05-12 15:35:47"
"311","0110020412","insumo clinico","TUBO ENDOTRAQUEAL 6.0 MM DIAMETRO INTERNO CON BALON(2-7)","unidad","10","bodega 2","2025-05-14 14:54:36"
"312","0110020414","insumo clinico","TUBO ENDOTRAQUEAL 6.5 MM DIAMETRO INTERNO CON BALON (2-8)","unidad","10","bodega 2","2025-05-14 14:54:22"
"313","0110020416","insumo clinico","TUBO ENDOTRAQUEAL 7.0 MM DIAMETRO INTERNOCON BALON (2-8)","unidad",NULL,"bodega 2","2025-05-12 15:35:47"
"314","0110020417","insumo clinico","TUBO ENDOTRAQUEAL 7.5 MM DIAMETRO INTERNO CON BALON (2-9)","unidad",NULL,"bodega 2","2025-05-12 15:35:47"
"315","0110020418","insumo clinico","TUBO ENDOTRAQUEAL 8.0 MM DIAMETRO INTERNO CON BALON (2-9)","unidad",NULL,"bodega 2","2025-05-12 15:35:47"
"316","0110020419","insumo clinico","TUBO ENDOTRAQUEAL 8.5 MM DIAMETRO INTERNO CON BALON (2-9)","unidad",NULL,"bodega 2","2025-05-12 15:35:47"
"317","0110020420","insumo clinico","TUBO ENDOTRAQUEAL 9.0 MM DIAMETRO INTERNO CON BALON (2-9)","unidad",NULL,"bodega 2","2025-05-12 15:35:47"
"318","0110023773","insumo clinico","SILICONA DE ASPIRACION 1.8 MTS","unidad",NULL,"bodega 2","2025-05-12 15:35:47"
"319","0110023859","insumo clinico","SILICONA DE ASPIRACION 3.0 MTS","unidad",NULL,"bodega 2","2025-05-12 15:35:47"
"320","0120020195","insumo clinico","TUBO TAPA CELESTE 2 ML C/CITRATO DE NA 3,2%","unidad",NULL,"bodega 2","2025-05-12 15:35:47"
"321","0120020288","insumo clinico","TUBO TAPA CELESTE CON CITRATO DE NA 3.2% 1ML","unidad",NULL,"bodega 2","2025-05-12 15:35:47"
"322","0120020194","insumo clinico","TUBO TAPA GRIS C/FLORURO SODIO/EDTA K3 P/PLASMA 2 ML (2-36)","unidad",NULL,"bodega 2","2025-05-12 15:35:47"
"323","0120020287","insumo clinico","TUBO TAPA GRIS CON FLUORURO DE NA Y OXALATO DE K 0.25 ML (2-36)","unidad",NULL,"bodega 2","2025-05-12 15:35:47"
"324","0120020289","insumo clinico","TUBO TAPA LILA C/EDTA K3 1ML (2-35)","unidad",NULL,"bodega 2","2025-05-12 15:35:47"
"325","0120020292","insumo clinico","TUBO TAPA LILA C/EDTA K3 2 ML (2-35)","unidad",NULL,"bodega 2","2025-05-12 15:35:47"
"326","0120020191","insumo clinico","TUBO TAPA LILA C/EDTA K3 3ML (2-35)","unidad",NULL,"bodega 2","2025-05-12 15:35:47"
"327","0120020293","insumo clinico","TUBO TAPA LILA C/EDTAK3 6 ML (2-35)","unidad",NULL,"bodega 2","2025-05-12 15:35:47"
"328","0120020192","insumo clinico","TUBO TAPA ROJA 4 ML C/ACTIVADOR DE LA COAGULACION P/SUERO (2-35)","unidad",NULL,"bodega 2","2025-05-12 15:35:47"
"329","0120020173","insumo clinico","TUBO TAPA VERDE C/HEPARINA DE LI P/PLASMA 4 ML CON GEL (2-36)","unidad",NULL,"bodega 2","2025-05-12 15:35:47"
"330","0110020438","insumo clinico","VALVULA ANTIREFLUJO (1-8)","unidad",NULL,"bodega 2","2025-05-12 15:35:47"
"331","0110010187","insumo clinico","VENDA ACOLCHADO SINTETICO SOFFBAN 10CM X 2.7MT (2-4)","unidad",NULL,"bodega 2","2025-05-12 15:35:47"
"332","0140010383","insumo clinico","VENDA APOSITO 10 X 150 CM SEDA/MIXTO ESTERIL DOBLE ENVOLTORIO","unidad",NULL,"bodega 2","2025-05-12 15:35:47"
"333","0140010384","insumo clinico","VENDA GASA 10 X 150 CM 1 UNIDAD ESTERIL","unidad",NULL,"bodega 2","2025-05-12 15:35:47"
"334","0110020625","insumo clinico","VENDA GASA 10 X 150 CM NO ESTERIL","unidad",NULL,"bodega 2","2025-05-12 15:35:47"
"335","0140010397","insumo clinico","VENDA GASA ELASTICADA 10 CM X 4 MT","unidad",NULL,"bodega 2","2025-05-12 15:35:47"
"336","0140010453","insumo clinico","VENDA MOLTOPREN 0.4 CM 14 X 150 CM ESTERIL QUEMADO","unidad",NULL,"bodega 2","2025-05-12 15:35:47"
"337","0110010226","insumo clinico","VENDA YESO 10 CM","unidad",NULL,"bodega 2","2025-05-12 15:35:47"
"338","0140010377","insumo clinico","VENDA YESO 12.5 CM","unidad",NULL,"bodega 2","2025-05-12 15:35:47"
"339","0140010378","insumo clinico","VENDA YESO 15 CM","unidad",NULL,"bodega 2","2025-05-12 15:35:47"
"340","0110010227","insumo clinico","VENDA YESO 20 CM","unidad",NULL,"bodega 2","2025-05-12 15:35:47"
"341","0140010380","insumo clinico","FIXOMULL","unidad",NULL,"bodega 2","2025-05-12 15:35:47"
"342","0110010020","insumo clinico","BATA QUIRURGICA ESTERIL TALLA L","unidad",NULL,"bodega 3","2025-05-12 15:35:47"
"343","0110010024","insumo clinico","BATA QUIRURGICA ESTERIL TALLA M","unidad",NULL,"bodega 3","2025-05-12 15:35:47"
"344","0110010239","insumo clinico","COMPRESA ESTERIL 45 X 45 CM PAQUETE 5 UD DOBLE ENVOLTORIO (ZONA B)","unidad",NULL,"bodega 3","2025-05-12 15:35:47"
"345","0140043297","insumo clinico","PAQUETE ROPA DESECHABLE CIRUGIA UNIVERSAL (ZONA B)","unidad",NULL,"bodega 3","2025-05-12 15:35:47"
"346","0140010476","torax","TROCAR DE ACCESO TORACICO RIGIDO CON OBTURADOR DE 10.5 MM","unidad",NULL,"oficina","2025-05-12 15:35:47"
"347","0140010477","torax","TROCAR DE ACCESO TORACICO RIGIDO CON OBTURADOR DE 11.5 MM","unidad",NULL,"oficina","2025-05-12 15:35:47"
"348","0140010475","torax","TROCAR DE ACCESO TORACICO RIGIDO CON OBTURADOR DE 5.5 MM","unidad",NULL,"oficina","2025-05-12 15:35:47"
"349","0140010107","malla","MALLA DE POLIGLACTINA 15X15 CMS","unidad",NULL,"oficina","2025-05-12 15:35:47"
"350","0140010115","malla","MALLA DE POLIGLACTINA 30X30 CMS","unidad",NULL,"oficina","2025-05-12 15:35:47"
"351","0140010116","malla","MALLA DE HERNIA INGUINAL LAPAROSCOPICA 10X15 IZQUIERDA","unidad",NULL,"oficina","2025-05-12 15:35:47"
"352","1000642","malla","MALLA DE HERNIA INGUINAL LAPAROSCOPICAS,MEDIDAS 15x10 CMS DERECHA","unidad",NULL,"oficina","2025-05-12 15:35:47"
"353","0140013649","insumo clinico","KIT TROCAR ADULTO 2 DE 5MM X 11 MM","unidad",NULL,"bodega 4","2025-05-12 15:35:47"
"354","0140050023","trauma","ROPA DESECHABLE ARTROSCOPIA RODILLA ESTERIL","unidad",NULL,"bodega 3","2025-05-12 15:35:47"
"355","10010410","trauma","PAQUETE ROPA QUIRUGICA EXTREMIDAD INFERIOR Y CADERA DESECHABLE ESTERIL","unidad",NULL,"bodega 3","2025-05-12 15:35:47"
"356","10010409","trauma","PAQUETE ROPA QUIRUGICA EXTREMIDAD SUPERIOR DESECHABLE ESTERIL","unidad",NULL,"bodega 3","2025-05-12 15:35:47"
"357","0030020136","trauma","INJERTO OSEO DESMINERALIZADO PUTTY 1 CC","unidad",NULL,"oficina","2025-05-12 15:35:47"
"358","1000686","trauma","INJERTO OSEO DESMINERALIZADO PUTTY 2.5 CC","unidad",NULL,"oficina","2025-05-12 15:35:47"
"359","10010530","trauma","MATRIZ OSEA DESMINERALIZADA TIPO PUTTY DE 5CC","unidad",NULL,"oficina","2025-05-12 15:35:47"
"360","0030020149","trauma","INJERTO OSEO CHIP HUESO ESPONJOSO 5CC","unidad",NULL,"oficina","2025-05-12 15:35:47"
"361","0110010050","trauma","CHIPS ALOINJERTO 15 CC","unidad",NULL,"oficina","2025-05-12 15:35:47"
"362","0110010103","trauma","CHIPS ALOINJERTO 30 CC","unidad",NULL,"oficina","2025-05-12 15:35:47"
"363","010045365","trauma","INJERTO OSEO ESPONJOSO EN FORMA DE CUBO DE 1X1X1 DE 15 CC","unidad",NULL,"oficina","2025-05-12 15:35:47"
"364","10010303","trauma","INJERTO OSEO STRUT TABLIALLA OSEA CORTICAL LIOFILIZADA ESTERIL <= 10CM","unidad",NULL,"oficina","2025-05-12 15:35:47"
"365","0140033033","trauma","CAMPO QUIRURGICO INCISION YODADO 60X60 CMS","unidad",NULL,"bodega 5","2025-05-12 15:35:47"
"366","0140013722","trauma","STERI-DRAPE EN U DE MEDIDA 130X120 CM","unidad",NULL,"bodega 5","2025-05-12 15:35:47"
"367","0110020144","trauma","CAR BIOPSIA CON ENDOCANULA 8 GX 15 CM","unidad",NULL,"critico","2025-05-12 15:35:47"
"368","0110020141","trauma","TROCAR BIOPSIA CON ENDOCANULA 11 GX 10 CM","unidad",NULL,"critico","2025-05-12 15:35:47"
"369","0110020143","trauma","TROCAR BIOPSIA CON ENDOCANULA 13 GX 10 CM","unidad",NULL,"critico","2025-05-12 15:35:47"
"370","0110013370","sutura","SUTURA ARTROSCOPIA ALTA RESISTENCIA N° 2 DE 96.5 AZUL CON AGUJA 1/2 CIRCULO 26 M","unidad",NULL,"oficina","2025-05-12 15:35:47"
"371","0010045281","trauma","HOJA SIERRA MOTOR 65/50*10* 0.6/ 0.4","unidad",NULL,"oficina","2025-05-12 15:35:47"
"372","0010045282","trauma","HOJA SIERRA MOTOR TRAUMAT 70/49 *14*0.6 /0.4 ANCL.AO/ASIF","unidad",NULL,"oficina","2025-05-12 15:35:47"
"373","0010045283","trauma","HOJA SIERRA MOTOR TRAUMAT 42/27*6*0.6 /0.4","unidad",NULL,"oficina","2025-05-12 15:35:47"
"374","0010045284","trauma","HOJA SIERRA MOTOR TRAUMAT 70/49 *10*0.6 /0.4 ANCL AO /ASIF","unidad",NULL,"oficina","2025-05-12 15:35:47"
"375","110020253","digestivo","KIT DE BYPASS GASTRICO LAPAROSCOPICO","caja",NULL,"oficina","2025-05-12 15:35:47"
"376","0110020254","digestivo","KIT DE MANGA GASTRICA LAPAROSCOPICA","caja",NULL,"oficina","2025-05-12 15:35:47"
"377","0110023874","cateter","CATETER CON RESERVORIO 5.8 FR CON KIT INTRODUCTOR","unidad",NULL,"oficina","2025-05-12 15:35:47"
"378","0110023873","cateter","CATETER CON RESERVORIO 7.8 FR CON KIT INTRODUCTOR (2-18)","unidad",NULL,"oficina","2025-05-12 15:35:47"
"379","0110023943","dialisis","CATETER DIALISIS TUNELIZADO PALINDROME 19.5 CM X 14.5 FR","unidad",NULL,"critico","2025-05-12 15:35:47"
"380","0110023944","dialisis","CATETER DIALISIS TUNELIZADO PALINDROME 23 CM X 14.5 FR","unidad",NULL,"critico","2025-05-12 15:35:47"
"381","0110023945","dialisis","CATETER DIALISIS TUNELIZADO PALINDROME 33 CM X 14.5 FR","unidad",NULL,"critico","2025-05-12 15:35:47"
"382","0020020087","anestesia","CIRCUITO ANESTESIA ADULTO BOLSA 3 LT","unidad",NULL,"bodega 2","2025-05-12 15:35:47"
"383","0020020088","anestesia","CIRCUITO ANESTESIA PEDIATRICO BOLSA 1 LT","unidad",NULL,"bodega 2","2025-05-12 15:35:47"
"384","0110011160","insumo clinico","SISTEMA DE POSICIONAMIENTO Y FIJACIÓN EN MESA QUIRÚRGICA TIPO PIGAZZI","unidad",NULL,"bodega 5","2025-05-12 15:35:47"
"385","0020020084","anestesia","KIT CIRCUITO DE ANESTESIA NEONATAL","unidad",NULL,"bodega 2","2025-05-12 15:35:47"
"386","0120040377","torax","TALCO ESTERIL POLVO LIBRE DE ASBESTO 5 GR","unidad",NULL,"oficina","2025-05-12 15:35:47"
"387","0140013886","anestesia","APOSITO TEGADERM I.V. CHG CATETERES CENTRALES 8.5*11.5 CM (1-9)","unidad",NULL,"oficina","2025-05-12 15:35:47"
"388","0140013888","anestesia","APOSITO TRANSPARENTE ADHESIVO TEGADERM I.V. 8.5*11.5 CM. (1-9)","unidad",NULL,"oficina","2025-05-12 15:35:47"
"389","0250010036","quemado","APOSITO NO ADHERENTE TRANSPARENTE ( TELFA ) 30 X 30 CM (2-27)","unidad",NULL,"oficina","2025-05-12 15:35:47"
"390","0110013417","quemado","APOSITO NO ADHESIVO ESTERIL ( TELFA ) 10X10 CM (2-27)","unidad",NULL,"oficina","2025-05-12 15:35:47"
"391","0110010062","quemado","APOSITO NO ADHESIVO ( TELFA ) 30 X 60 CM (2-27)","unidad",NULL,"oficina","2025-05-12 15:35:47"
"392","0130023136","insumo clinico","SOLUCION ANTIEMPAÑANTE PARA OPTICAS (1-11)","unidad",NULL,"oficina","2025-05-12 15:35:47"
"393","0140013714","digestivo","KIT GASTRECTOMIA SUBTOTAL (1 KIT POR PACIENTE)","caja",NULL,"oficina","2025-05-12 15:35:47"
"394","0140013713","digestivo","KIT GASTRECTOMIA TOTAL (1 KIT POR PACIENTE)","caja",NULL,"oficina","2025-05-12 15:35:47"
"395","1000993","urologia","BOLSA UROSTOMIA 60MM CAPACIDAD 670-690CC TRANSPARENTE, DRENABLE CON PINZ","unidad",NULL,"oficina","2025-05-12 15:35:47"
"396","1000994","urologia","PLACA UROSTOMIA CONVEXA 60 MM","unidad",NULL,"oficina","2025-05-12 15:35:47"
"397","1000995","urologia","SET CATETER URETERAL MONO J 6 FR X 75 CMS","unidad",NULL,"oficina","2025-05-12 15:35:47"
"398","0010453101","urologia","CINTA SUBUURETRAL AJUSTABLE CON ALMOHADILLA ( ATOMS AMI )","unidad",NULL,"oficina","2025-05-12 15:35:47"
"399","0110023918","insumo clinico","BOLSA ASPIRACIÓN DESECHABLE 3000CC","caja",NULL,"bodega 2","2025-05-12 15:35:47"
"400","0140010325","quemado","CORCHETERA PIEL QUEMADO (2-29)","caja",NULL,"bodega 5","2025-05-12 15:35:47"
"401","0140013724","trauma","VENDA COBAN 10 CM X 4,6 M ESTÉRI","unidad",NULL,"bodega 2","2025-05-12 15:35:47"
"402","0110020508","drenaje","RESERVORIO 100 CC","unidad",NULL,"bodega 2","2025-05-12 15:35:47"
"403","0010043716","drenaje","SISTEMA DE DRENAJE TIPO BLAKE 19 FR","unidad",NULL,"bodega 2","2025-05-12 15:35:47"
"404","0010043717","drenaje","SISTEMA DE DRENAJE TIPO BLAKE 24FR","unidad",NULL,"bodega 2","2025-05-12 15:35:47"
"405","0110020172","drenaje","DRENAJE PENROSSE DIAMETRO 1.30 X 50 CM LARGO","unidad",NULL,"bodega 2","2025-05-12 15:35:47"
"406","0110020173","drenaje","DRENAJE PENROSSE DIAMETRO 1.90 X 50 CM LARGO","unidad",NULL,"bodega 2","2025-05-12 15:35:47"
"407","0110013422","drenaje","EQUIPO ASPIRACION CONTINUA 16 FR 600 ML","unidad",NULL,"bodega 2","2025-05-12 15:35:47"
"408","0110010060","drenaje","EQUIPO ASPIRACION CONTINUA 18 FR 600 ML (2-22)","unidad",NULL,"bodega 2","2025-05-12 15:35:47"
"409","0110013421","drenaje","EQUIPO ASPIRACION CONTINUA 14 FR 600 ML (1-21)","unidad",NULL,"bodega 2","2025-05-12 15:35:47"
"410","00100437179","drenaje","SISTEMA DE DRENAJE TIPO BLAKE 10 FR","unidad",NULL,"bodega 2","2025-05-12 15:35:47"
"411","0140013871","insumo clinico","CANULA ASPIRACION FRAZIER Nº 12","unidad",NULL,"oficina","2025-05-12 15:35:47"
"412","0140043461","insumo clinico","DISPOSITIVO DE CORTE Y COAGULACIóN BIPOLAR 37 CM X 5 MM (LIGASURE)","unidad",NULL,"oficina","2025-05-12 15:35:47"
"413","0010045222","insumo clinico","DISPOSITIVO DE CORTE Y COAGULACION BIPOLAR (LIGASURE) 23 CMS X 5 MM","unidad",NULL,"oficina","2025-05-12 15:35:47"
"414","0140040219","insumo clinico","IRRIGADOR ASPIRADOR 5 MM X 33 CM","unidad",NULL,"oficina","2025-05-12 15:35:47"
"415","0020020127","insumo clinico","LAPIZ ELECTROBISTURI PUNTA PALETA (2-19)","caja",NULL,"bodega 2","2025-05-12 15:35:47"
"416","0110013419","insumo clinico","MANGA PLASTICA LAPAROSCOPIA 25 CM X 2.5 MT (1-23)","unidad",NULL,"bodega 2","2025-05-12 15:35:47"
"417","0110013354","insumo clinico","BOLSA EXTRACTORA DE ESPECIMEN 5 MM CON CAPACIDAD DE 180 ML APROXIMADAMENT","unidad",NULL,"oficina","2025-05-12 15:35:47"
"418","01102124116","anestesia","SENSOR ENTROPIA ADULTO","unidad",NULL,"oficina","2025-05-12 15:35:47"
"419","0020020101","anestesia","FILTROS PARA CANISTER DE CAL SODADA","unidad",NULL,"bodega 5","2025-05-12 15:35:47"
"420","01400100117","urologia","SUTURA ABSORBIBLE BARBADA 3/0CON AGUJA 1/2 CIRCULO UNIDIRECCIONAL","unidad",NULL,"oficina","2025-05-12 15:35:47"
"421","0110020391","urologia","SONDA FOLEY 18 FR CON BALON 75 ML 3 VIAS SILICONA 100% DESECHABLE ESTERIL","unidad",NULL,"oficina","2025-05-12 15:35:47"
"422","0110020325","urologia","SONDA FOLEY 20 FR CON BALON 75 ML 3 VIAS SILICONA ESTERIL UROLOGIA","unidad",NULL,"oficina","2025-05-12 15:35:47"
"423","0110020650","urologia","SONDA FOLEY 22 FR CON BALON 3 VIAS 75 ML 100 % SILICONADA USO UROLOGIA (2-14)","unidad",NULL,"oficina","2025-05-12 15:35:47"
"424","0140013778","urologia","AGUJA PUNCION PERCUTANEA TIPO CHIBA 18 G X 25 CM","unidad",NULL,"oficina","2025-05-12 15:35:47"
"425","10010201","urologia","KIT DE URETEROSCOPIA","unidad",NULL,"oficina","2025-05-12 15:35:47"
"426","0140010555","urologia","KIT UROLóGICO 5 FR X 26 CMS DE LONGITUD CON GUIA DE NITINOL CON EMPUJADOR","unidad",NULL,"oficina","2025-05-12 15:35:47"
"427","0140010556","urologia","KIT UROLóGICO 6 FR X 26 CMS DE LONGITUD CON GUIA DE NITINOL CON EMPUJADOR","unidad",NULL,"oficina","2025-05-12 15:35:47"
"428","0140040239","urologia","SENSOR PTFE NITINOL CON PUNTA HIDROFíLICA NO ANGULADA. DIáMETRO 0,35 INCH. LONGITUD 150 CM","unidad",NULL,"oficina","2025-05-12 15:35:47"
"429","0140010158","urologia","TROCAR DESECHABLE 10CMS X 12MM CON BALON","unidad",NULL,"oficina","2025-05-12 15:35:47"
"430","0140040171","urologia","EVACUADOR ELLIK","unidad",NULL,"oficina","2025-05-12 15:35:47"
"431","0140011497","urologia","CANASTILLA EXTRACTORA DE CáLCULOS CIRCULAR DE 2.4 FR, 115 CMS DE LARGO Y DIáMETRO DE LA CESTA D","unidad",NULL,"oficina","2025-05-12 15:35:47"
"432","0140033955","urologia","PROTESIS TESTICULAR FABRICADAS CON GEL DE SILICONA O SOLUCIÓN SALIN","unidad",NULL,"oficina","2025-05-12 15:35:47"
"433","0110010257","urologia","SET IRRIGACION VESICAL (RTU) UROLOGIA","unidad",NULL,"oficina","2025-05-12 15:35:47"
"434","0140010161","urologia","TROCAR DESECHABLE 10CMS X 5MM CON BALON FIJADOR","unidad",NULL,"oficina","2025-05-12 15:35:47"
"435","0140010157","urologia","TROCAR DESECHABLE 15CMS X 12MM CON BALON FIJADOR","unidad",NULL,"oficina","2025-05-12 15:35:47"
"436","10010157","urologia","AGUJA INYECTORA DE BOTOX MODELO WILLIAMS 5FR X 35CM","unidad",NULL,"oficina","2025-05-12 15:35:47"
"437","10010206","urologia","CATETER PIGTAIL URETERAL UNIVERSAL SOFT 4.7 FR 24 CM","unidad",NULL,"oficina","2025-05-12 15:35:47"
"438","10010196","urologia","CATETER URETERAL OPEN-END 4FR 70CM","unidad",NULL,"oficina","2025-05-12 15:35:47"
"439","10010197","urologia","CATETER URETERAL OPEN-END 5FR 70CM","unidad",NULL,"oficina","2025-05-12 15:35:47"
"440","0140013781","urologia","SET NEFROSTOMIA PERCUTANEA CON AGUJA/ GUIA/DILATADORES/SONDA 14 FR CON BALON 2 ML","unidad",NULL,"oficina","2025-05-12 15:35:47"
"441","0010043790","urologia","ASA DE CORTE BIPOLAR DESECHABLE RTU PRóSTATA COMPATIBLE CON EQUIPO OLYMPUS","unidad",NULL,"oficina","2025-05-12 15:35:47"
"442","0010043791","urologia","ASA DE CORTE BIPOLAR DESECHABLE RTU VESICAL COMPATIBLE CON EQUIPO OLYMPUS","unidad",NULL,"oficina","2025-05-12 15:35:47"
"443","0110013353","urologia","BOLSA LAPAROSCóPICA EXTRACTORA DE ESPéCIMEN 12/15 MM CON CAPACIDAD DE BOLSA RECOLECTORA DE","unidad",NULL,"oficina","2025-05-12 15:35:47"
"444","0020123823","anestesia","KIT DE ECOGRAFIA MANGA CORTA 122 CM COLOCACION CVC, ESTÉRIL","unidad",NULL,"bodega 5","2025-05-12 15:35:47"
"445","0140013910","torax","TUBO ENDOTRAQUEAL IZQUIERDO 35 FR","unidad",NULL,"bodega 5","2025-05-12 15:35:47"
"446","0140043467","torax","TUBO ENDOTRAQUEAL IZQUIERDO 37 FR","unidad",NULL,"bodega 5","2025-05-12 15:35:47"
"447","0140013911","torax","TUBO ENDOTRAQUEAL IZQUIERDO 39 FR","unidad",NULL,"bodega 5","2025-05-12 15:35:47"
"448","0140043468","torax","TUBO ENDOTRAQUEAL IZQUIERDO 41 FR","unidad",NULL,"bodega 5","2025-05-12 15:35:47"
"449","0130010236","drenaje","TUBO GOMA LATEX 8 X 12","unidad",NULL,"oficina","2025-05-12 15:35:47"
"450","140010379","urologia","BOLSA ORINA ESPECIAL RTU 2500 ML (2-9)","unidad",NULL,"bodega 5","2025-05-12 15:35:47"
"451","0020020284","anestesia","CAL SODADA BIDÓN","bidon",NULL,"bodega 2","2025-05-12 15:35:47"
"452","0110020456","torax","CANULA TRAQUEOSTOMIA 3.5 MM CON BALON","unidad",NULL,"bodega 5","2025-05-12 15:35:47"
"453","0110020064","torax","CANULA TRAQUEOSTOMIA 5.0 MM CON BALON","unidad",NULL,"bodega 5","2025-05-12 15:35:47"
"454","0110020457","torax","CANULA TRAQUEOSTOMIA 6.5 CON BALON (2-14)","unidad",NULL,"bodega 5","2025-05-12 15:35:47"
"455","0110020454","torax","CANULA TRAQUEOSTOMIA N° 4.5 CON BALON","unidad",NULL,"bodega 5","2025-05-12 15:35:47"
"456","0110020453","torax","CANULA TRAQUEOSTOMIA N° 4 CON BALON (2-20)","unidad",NULL,"bodega 5","2025-05-12 15:35:47"
"457","0110020647","torax","CANULA TRAQUEOSTOMIA N° 6.0 CON BALON Y ENDOCANULA (2-20)","unidad",NULL,"bodega 5","2025-05-12 15:35:47"
"458","0110020653","torax","CANULA TRAQUEOSTOMIA N° 7.0 CON BALON Y ENDOCANULA (1-16)","unidad",NULL,"bodega 5","2025-05-12 15:35:47"
"459","0110020652","torax","CANULA TRAQUEOSTOMIA N° 8.0 CON BALON Y ENDOCANULA (2-20)","unidad",NULL,"bodega 5","2025-05-12 15:35:47"
"460","0110023875","torax","CANULA TRAQUEOSTOMIA Nº 7.5 CON BALON Y ENDOCANULA","unidad",NULL,"bodega 5","2025-05-12 15:35:47"
"461","0110020066","torax","CANULA TRAQUEOSTOMIA SIN BALON 3.0 MM (2-20)","unidad",NULL,"bodega 5","2025-05-12 15:35:47"
"462","1000779","vascular","CLAMP VASCULAR TIPO BULLDOG DESECHABLE MAXI ANGULADO","unidad",NULL,"oficina","2025-05-12 15:35:47"
"463","1000778","vascular","CLAMP VASCULAR TIPO BULLDOG DESECHABLE MAXI RECTO","unidad",NULL,"oficina","2025-05-12 15:35:47"
"464","0110010020","trauma","BATA QUIRURGICA ESTERIL REFORZADA TALLA L","unidad",NULL,"bodega 3","2025-05-12 15:35:47"
"465","0140050223","trauma","ROPA DESECHABLE ARTROSCOPIA DE HOMBRO ESTERIL","unidad",NULL,"bodega 3","2025-05-12 15:35:47"
"466","0110020147","anestesia","CATETER VENOSO CENTRAL 4.5 FR DOBLE LUMEN 8 CM (1- 15)","unidad",NULL,"bodega 2","2025-05-12 15:35:47"
"467","10010268","anestesia","CATETER VENOSO CENTRAL 4 FR 13 CM DOBLE LUMEN","unidad",NULL,"bodega 2","2025-05-12 15:35:47"
"468","0020030109","vac","CANISTER 1000 ML VAC","unidad",NULL,"bodega 2","2025-05-12 15:35:47"
"469","0020030105","vac","SET DE APLICACION TAMA?O L","unidad",NULL,"bodega 5","2025-05-12 15:35:47"
"470","0020030102","vac","SET DE APLICACION TAMA?O L CON PLATA","unidad",NULL,"bodega 5","2025-05-12 15:35:47"
"471","20030104","vac","SET DE APLICACION TAMA?O M","unidad",NULL,"bodega 5","2025-05-12 15:35:47"
"472","0020030107","vac","SET DE APLICACION TAMA?O M CON PLATA","unidad",NULL,"bodega 5","2025-05-12 15:35:47"
"473","0020030103","vac","SET DE APLICACION TAMA?O S","unidad",NULL,"bodega 5","2025-05-12 15:35:47"
"474","0020030106","vac","SET DE APLICACION TAMA?O S CON PLATA","unidad",NULL,"bodega 5","2025-05-12 15:35:47"
"475","0110020121","torax","CATETER TORAXICO 32 FR 45-31 CM SIN PUNZON (1-15)","unidad",NULL,"oficina","2025-05-12 15:35:47"
"476","10010076","anestesia","FIBROBRONCOSCOPIO DESECHABLE SLIM","unidad",NULL,"oficina","2025-05-12 15:35:47"
"477","10010747","urologia","ELECTRODO DE ASA DE CORTE 30° 24FR (COMPATIBLE CON ELEMENTO DE TRABAJO MARCA RUDOLF MODELO","unidad",NULL,"oficina","2025-05-12 15:35:47"
"478","1000526","insumo clinico","SONDA ASPIRACION CON CONTROL SUCCION 18 FR","unidad",NULL,"bodega 2","2025-05-12 15:35:47"
"479","0110020306","insumo clinico","SONDA ALIMENTACION PEDIATRICA 5 FR (1-25)","unidad",NULL,"bodega 5","2025-05-12 15:35:47"
"480","0110020373","digestivo","SONDA T (KEHR) 12FR","unidad",NULL,"critico","2025-05-12 15:35:47"
"481","0110020374","digestivo","SONDA T KEHR 14 FR","unidad",NULL,"critico","2025-05-12 15:35:47"
"482","0110020375","digestivo","SONDA T KEHR 16 FR","unidad",NULL,"critico","2025-05-12 15:35:47"
"483","0110020376","digestivo","SONDA T KHER 18 FR","unidad",NULL,"critico","2025-05-12 15:35:47"
"484","10010738","coloprocto","AGUA OXIGENADA 10 VOLUMENES FC 100ML","unidad",NULL,"bodega 5","2025-05-12 15:35:47"
"485","0140040236","urologia","VAINA DE ACCESO PERCUTáNEO TIPO AMPLATZ LONGITUD 20 CM 18 FR.","unidad",NULL,"oficina","2025-05-12 15:35:47"
"486","0020020121","quemado","HOJA DERMATOMO COMPATIBLE CON ZIMMER (2-37)","unidad",NULL,"bodega 5","2025-05-12 15:35:47"
"487","0110020299","anestesia","TUBO ENDOTRAQUEAL NASAL PREFORMADO CON BALON 4.0 MM (2-5)","unidad",NULL,"bodega 2","2025-05-12 15:35:47"
"488","0110020300","anestesia","TUBO ENDOTRAQUEAL NASAL PREFORMADO CON BALON 4,5 MM","unidad",NULL,"bodega 2","2025-05-12 15:35:47"
"489","0110020301","anestesia","TUBO ENDOTRAQUEAL NASAL PREFORMADO CON BALON 5.0 MM (2-6)","unidad",NULL,"bodega 2","2025-05-12 15:35:47"
"490","0110020302","anestesia","TUBO ENDOTRAQUEAL NASAL PREFORMADO CON BALON 5.5 MM. (2-6)","unidad",NULL,"bodega 2","2025-05-12 15:35:47"
"491","0110020318","anestesia","TUBO ENDOTRAQUEAL NASAL PREFORMADO CON BALON 6.5 MM. (2-7)","unidad",NULL,"bodega 2","2025-05-12 15:35:47"
"492","0110020319","anestesia","TUBO ENDOTRAQUEAL NASAL PREFORMADO CON BALON 7.0 MM. (2-8)","unidad",NULL,"bodega 2","2025-05-12 15:35:47"
"493","0110020320","anestesia","TUBO ENDOTRAQUEAL NASAL PREFORMADO CON BALON 7.5 MM. (2-7)","unidad",NULL,"bodega 2","2025-05-12 15:35:47"
"494","0110020410","insumo clinico","TUBO ENDOTRAQUEAL 5.5 MM DIAMETRO INTERNO CON BALON (2-6)","unidad",NULL,"bodega 2","2025-05-12 15:35:47"
"495","0020120280","neuro","FUNDA PARA MICROSCOPIO QUIRÚRGICO COMPATIBLE CON MODELO 588 MARCA ZEISS","unidad",NULL,"critico","2025-05-12 15:35:47"
"496","0110020273","anestesia","AGUJA DE ANESTESIA ESPINAL 27G X 3 1/2 (2-28)","unidad",NULL,"bodega 5","2025-05-12 15:35:47"
"497","0110021272","anestesia","AGUJA DE ANESTESIA ESPINAL 27G X 5","unidad",NULL,"bodega 5","2025-05-12 15:35:47"
"498","1000423","anestesia","AGUJA DE BLOQUEO PERIFERICO 21GX100 MM","unidad",NULL,"bodega 5","2025-05-12 15:35:47"
"499","0110020279","anestesia","AGUJA PARA BLOQUEO NERVIO PERIFERICO 22G X 50 MM","unidad",NULL,"bodega 5","2025-05-12 15:35:47"
"500","0110020249","anestesia","KIT ANESTESIA EPIDURAL 16 G X 8 CMS","unidad",NULL,"bodega 5","2025-05-12 15:35:47"
"501","0110020267","anestesia","KIT DE ANESTESIA COMBINADA 16 G (2-28)","unidad",NULL,"bodega 5","2025-05-12 15:35:47"
"502","0110020262","anestesia","KIT DE ANESTESIA PERIDURAL PEDIATRICO 18 G","unidad",NULL,"bodega 5","2025-05-12 15:35:47"
"503","0110010080","insumo clinico","EQUIPO INFUSION SOLUCION CON BURETA","unidad",NULL,"bodega 2","2025-05-12 15:35:47"
"504","0140010189","insumo clinico","APOSITO MOLTOPREN 10X20 CMS ESTERIL","unidad",NULL,"bodega 2","2025-05-12 15:35:47"
"505","0140010453","quemado","VENDA MOLTOPREN 0.4 CM 14 X 150 CM ESTERIL QUEMADO","unidad",NULL,"bodega 2","2025-05-12 15:35:47"
"506","10010884","torax","SIERRA ESTERNAL","unidad",NULL,"critico","2025-05-12 15:35:47"
"507","10010868","neuro","PINZA BIPOLAR EN BAYONETA NON-STICK 21CM X 0.5CM","unidad",NULL,"oficina","2025-05-12 15:35:47"
"508","10010867","neuro","PINZA BIPOLAR EN BAYONETA NON-STICK DE 21CM X 1.0MM","unidad",NULL,"oficina","2025-05-12 15:35:47"
"509","0140043436","vascular","SIERRA DE GIGLI 50 CM","unidad",NULL,"oficina","2025-05-12 15:35:47"
"510","0100023135","vascular","SIERRA DE GIGLI CON ALAMBRE TRENZADO 400MM","unidad",NULL,"oficina","2025-05-12 15:35:47"
"511","0110020120","torax","CATETER TORAXICO 28 FR 45-31 CM SIN PUNZON (1-15)","unidad",NULL,"oficina","2025-05-12 15:35:47"
"512","0110023784","torax","TROCAR TORAXICO N? 30","unidad",NULL,"oficina","2025-05-12 15:35:47"
"513","0010045335","sutura","SUTURA POLIDIOXANONA (PDS PLUS),CALIBRE 1.0, HEBRA 45 CMS ,AGUJA CTX 1/2 CIRCULO 48 MM","unidad",NULL,"oficina","2025-05-12 15:35:47"
"514","010045366","neuro","KIT CIERRE DE CRANEO","unidad",NULL,"critico","2025-05-12 15:35:47"
"515","0110020337","insumo clinico","SONDA FOLEY 100% SILICONADA 14 FR CON BALON 5 -15 ML 2 VIAS (2-10)","unidad",NULL,"bodega 2","2025-05-12 15:35:47"
"516","0110020495","insumo clinico","SONDA FOLEY 100% SILICONADA 16 FR CON BALON 5-15 ML 2 VIAS (2-10)","unidad",NULL,"bodega 2","2025-05-12 15:35:47"
"517","0110013419","insumo clinico","MANGA PLASTICA LAPAROSCOPIA 25 CM X 2.5 MT CON UN EXTREMO CERRADO (1-23)","unidad",NULL,"bodega 2","2025-05-12 15:35:47"
"518","10010544","insumo clinico","SONDA FOLEY 20 FR 10-20ML 100% SILICONADA (2-10)","unidad",NULL,"bodega 2","2025-05-12 15:35:47"
"519","0110020327","insumo clinico","SONDA FOLEY 6FR CON BALON 5 ML 2 VIAS SILICONA DESECHABLE ESTERIL","unidad",NULL,"bodega 2","2025-05-12 15:35:47"
"520","0110020335","insumo clinico","SONDA FOLEY SILICONA 100% 8 FR CON BALON 5 ML 2 VIAS (1-30)","unidad",NULL,"bodega 2","2025-05-12 15:35:47"
"521","0140013818","vascular","PARCHECAROTIDEO POLIESTERURETANO","unidad",NULL,"oficina","2025-05-12 15:35:47"
"522","0020020123","quemado","HOJA PARA DERMATOMO ELECTRICO PADGETT MOD B (2- 37)","unidad",NULL,"oficina","2025-05-12 15:35:47"
"523","0140040176","quemado","DERMATOMO MANUAL DISPONSABLE","unidad",NULL,"bodega 5","2025-05-12 15:35:47"
"524","0010045253","neuro","FRESA FLAMA D5,0MM MOTOR BRAUN NEUROCIR","unidad",NULL,"critico","2025-05-12 15:35:47"
"525","0140010322","quemado","SUTURA CUTANEA ELASTICA 6 MM X 3.8 CM (1-35)","unidad",NULL,"oficina","2025-05-12 15:35:47"
"526","1000802","quemado","APOSITO ABS ESPUMA POLIURETANO CON AG 20X20 (MEPILEX AG)","unidad",NULL,"bodega 5","2025-05-12 15:35:47"
"527","0010045149","quemado","APOSITO ESPUMA CON AG 10X10 CM MEPILEX AG (Unidad Quemados)","unidad",NULL,"bodega 5","2025-05-12 15:35:47"
"528","10010610","neuro","CAPTORES DE PIC + KIT DE INSTALACION","unidad",NULL,"critico","2025-05-12 15:35:47"
"529","0201237340","neuro","FRESA CRANEOTOMIA BRAUN AESCULAP","unidad",NULL,"critico","2025-05-12 15:35:47"
"530","0010045255","neuro","SUSTITUTO DURAMADRE 7.5 X 7.5 CMS","unidad",NULL,"critico","2025-05-12 15:35:47"
"531","010045254","neuro","SUSTITUTO OSEO DURAGEN 10X 12.5 CMS","unidad",NULL,"critico","2025-05-12 15:35:47"
"532","0140056125","neuro","COTONOIDE DE NEUROCIRUGÍA TIPO RAY COT 10 MM O SU EQUIVALENTE TÉCNICO","unidad",NULL,"critico","2025-05-12 15:35:47"
"533","0110020271","anestesia","AGUJA DE ANESTESIA ESPINAL 25G X 3 1/2 (2-28)","unidad",NULL,"bodega 5","2025-05-12 15:35:47"
"534","0020020143","anestesia","MANTA CALEFACTORA CUERPO SUP.ADULTO","unidad",NULL,"bodega 2","2025-05-12 15:35:47"
"535","0020020116","anestesia","MANTA CALEFACTORA UNDERBODY PEDIATRICA","unidad",NULL,"bodega 2","2025-05-12 15:35:47"
"536","0110020342","digestivo","SONDA GASTROSTOMIA 14 FR (1-16)","unidad",NULL,"bodega 2","2025-05-12 15:35:47"
"537","0140010272","digestivo","SONDA GASTROSTOMIA 20FR (1-31)","unidad",NULL,"bodega 2","2025-05-12 15:35:47"
"538","0140010285","digestivo","SONDA GASTROSTOMIA N° 16","unidad",NULL,"bodega 2","2025-05-12 15:35:47"
"539","0140010286","digestivo","SONDA GASTROSTOMIA N° 18","unidad",NULL,"bodega 2","2025-05-12 15:35:47"
"540","10010817","anestesia","LINEA DE CAPNOGRAFIA M/M 3 MTS PE/PVC DESECHABLE LUER LOCK","unidad",NULL,"bodega 2","2025-05-12 15:35:47"
"541","0140033156","vascular","CATETER ANGIOGRAFICO OMNIFLUSH, 5 FRENCH, CURVAS 0 A 3","unidad",NULL,"oficina","2025-05-12 15:35:47"
"542","10010135","vascular","CATETER ANGIOGRAFICO PIG TAIL 5F X 100CM","unidad",NULL,"oficina","2025-05-12 15:35:47"
"543","0140033150","vascular","CATETER ANGIOGRAFICO TEFLONADO PARA CRUCE, RIM, CON MARCA RADIO OPACA 5 FR. 65 CM","unidad",NULL,"oficina","2025-05-12 15:35:47"
"544","0140033042","vascular","CATETER DE EMBOLECTOMIA FOGARTY N°2","unidad",NULL,"oficina","2025-05-12 15:35:47"
"545","10010153","vascular","CATETER DE SOPÓRTE CRUCE HIDROFILICO COMPATIBLE CON GUIA 0,014 DISTINTAS CURVAS","unidad",NULL,"oficina","2025-05-12 15:35:47"
"546","10010154","vascular","CATETER DE SOPÓRTECRUCE HIDROFILICO COMPATIBLE CON GUIA 0,018 DISTINTAS CURVAS","unidad",NULL,"oficina","2025-05-12 15:35:47"
"547","10010152","vascular","CATETER DE SOPÓRTE CRUCE HIDROFILICO COMPATIBLE CON GUIA 0,035 DISTINTAS CURVAS","unidad",NULL,"oficina","2025-05-12 15:35:47"
"548","0140013892","vascular","CATETER EMBOLECTOMIA N? 3 FOGARTY","unidad",NULL,"oficina","2025-05-12 15:35:47"
"549","0140013893","vascular","CATETER EMBOLECTOMIA N? 4 FOGARTY","unidad",NULL,"oficina","2025-05-12 15:35:47"
"550","0110020087","vascular","DISPOSITIVO DE CIERRE VASCULAR CON NUDO PRE ATADO, SUTURA DE POLIPROPILENO, 5- 8 FRENCH","unidad",NULL,"oficina","2025-05-12 15:35:47"
"551","0140033117","vascular","DISPOSITIVO DE CIERRE VASCULAR, POLIMEROCOLAGENO, 6F","unidad",NULL,"oficina","2025-05-12 15:35:47"
"552","0140033118","vascular","DISPOSITIVO DE CIERRE VASCULAR, POLIMEROCOLAGENO, 8F","unidad",NULL,"oficina","2025-05-12 15:35:47"
"553","0140033143","vascular","GUIA 0,014 X 300 HIDROFILICA DISTAL ALMA ACERO","unidad",NULL,"oficina","2025-05-12 15:35:47"
"554","0140033145","vascular","GUIA AMPLATZ RIGIDA 0.035 X 260, PUNTA EN J, TIPO ROSEN","unidad",NULL,"oficina","2025-05-12 15:35:47"
"555","0140033102","vascular","GUIA DE ALAMBRE TEFLONADA 0.035"" PUNTA EN J 147-150 CM","unidad",NULL,"oficina","2025-05-12 15:35:47"
"556","10010140","vascular","GUIA DE ALAMBRE TEFLONADA 0,035"", PUNTA EN J, 180 CM","unidad",NULL,"oficina","2025-05-12 15:35:47"
"557","10010141","vascular","GUIA DE ALAMBRE TEFLONADA 0,035"", PUNTA FLOPPY, 145- 175 CM","unidad",NULL,"oficina","2025-05-12 15:35:47"
"558","0140033151","vascular","GUÍA EXTRA STIFF (TIPO LUNDERQUIST) 0.035 X 300CM PUNTA ATRAUMATICA TIPO C, PUNTA RADIOPACA 11CM","unidad",NULL,"oficina","2025-05-12 15:35:47"
"559","10010149","vascular","GUIA HIDROFILICA 0,035 x 150 O 180 ALMA NITINOL PUNTA RADIOPACA 3 CM DE TUNGSTENO PUNTA","unidad",NULL,"oficina","2025-05-12 15:35:47"
"560","10010151","vascular","GUIA HIDROFILICA 0,035 x 150 O 180 ALMA NITINOL PUNTA RADIOPACA 3 CM DE TUNGSTENO STIFF, PUNTA","unidad",NULL,"oficina","2025-05-12 15:35:47"
"561","10010146","vascular","GUIA HIDROFILICA 0,035 x 260 ALMA NITINOL PUNTA RADIOPACA 3 CM DE TUNGSTENO PUNTA ANGULADA .","unidad",NULL,"oficina","2025-05-12 15:35:47"
"562","10010147","vascular","GUIA HIDROFILICA 0,035 x 260 ALMA NITINOL PUNTA RADIOPACA 3 CM DE TUNGSTENO PUNTA RECTA.","unidad",NULL,"oficina","2025-05-12 15:35:47"
"563","10010148","vascular","GUIA HIDROFILICA 0,035 x 260 ALMA NITINOL PUNTA RADIOPACA 3 CM DE TUNGSTENO STIFF, PUNT","unidad",NULL,"oficina","2025-05-12 15:35:47"
"564","10010102","vascular","GUIAS HIDROFILICA 0,014 x 300 ANGULADA Y FLEXIBLE","unidad",NULL,"oficina","2025-05-12 15:35:47"
"565","10010136","vascular","GUIAS HIDROFILICA 0,014 x 300 PUNTA RECTA","unidad",NULL,"oficina","2025-05-12 15:35:47"
"566","10010137","vascular","GUIAS HIDROFILICA 0,018 x 300 ANGULADA","unidad",NULL,"oficina","2025-05-12 15:35:47"
"567","10010139","vascular","GUIAS HIDROFILICA 0,018 x 300 PUNTA RECTA","unidad",NULL,"oficina","2025-05-12 15:35:47"
"568","10010128","vascular","MICROCATETER DE ACCESO DISTAL 2 A 2,8F CON O SIN MICROGUIA","unidad",NULL,"oficina","2025-05-12 15:35:47"
"569","0140013839","vascular","PROTESIS BIFURCADA 16-8 MM","unidad",NULL,"oficina","2025-05-12 15:35:47"
"570","0140013840","vascular","PROTESIS BIFURCADA 18x9 MM","unidad",NULL,"oficina","2025-05-12 15:35:47"
"571","0140013838","vascular","PROTESIS RECTA PTFE ANILLADA 6MMX70CM","unidad",NULL,"oficina","2025-05-12 15:35:47"
"572","0140033141","vascular","ROTADOR DE GUIA 0.018","unidad",NULL,"oficina","2025-05-12 15:35:47"
"573","10010142","vascular","SET DE INTRODUCTOR ANGIOGRAFICO 5 FR CON AGUJA DE PUNCION FEMORAL","unidad",NULL,"oficina","2025-05-12 15:35:47"
"574","10010143","vascular","SET DE INTRODUCTOR ANGIOGRAFICO 6 FRENCH CON AGUJA DE PUNCION FEMORAL","unidad",NULL,"oficina","2025-05-12 15:35:47"
"575","10010145","vascular","SET DE INTRODUCTOR ANGIOGRAFICO 6 FRENCH CON AGUJA DE PUNCION RADIAL","unidad",NULL,"oficina","2025-05-12 15:35:47"
"576","10010144","vascular","SET DE INTRODUCTOR ANGIOGRAFICO 7 FRENCH CON AGUJA DE PUNCION FEMORAL","unidad",NULL,"oficina","2025-05-12 15:35:47"
"577","0140033065","vascular","SET DE INTRODUCTOR ANGIOGRáFICO 8 FR CON AGUJA DE PUNCIóN","unidad",NULL,"oficina","2025-05-12 15:35:47"
"578","0140033049","vascular","SET DE RETIRO DE FILTRO DE VENA CAVA, 0,035"", CATéTER COAXIAL, 6,3 F, LLAVE HEMOSTáTICA EN Y CON","unidad",NULL,"oficina","2025-05-12 15:35:47"
"579","0140033101","vascular","SET INDUCTOR ANGIOGRAFICO, 5 FR, CON AGUJA DE PUNCION RADIAL","unidad",NULL,"oficina","2025-05-12 15:35:47"
"580","0140010502","vascular","SHUNTCAROTIDEOPRUITT-INAHARA","unidad","10","oficina","2025-05-14 14:54:17"
"582","0140010367","anestesia","aaaaaa","bidon","108","bodega 2","2025-05-16 20:20:21"
